code,resultAbsoluteValue,dateCom,paymentDividend,earningType,dy
ARMT34,"0,31318932",14/05/2019,19/06/2019,Dividendo,"0,90"
COWC34,"0,04368188",28/08/2019,19/09/2019,Dividendo,"0,00"
MCDC34,"0,78666216",30/08/2019,23/09/2019,Dividendo,"0,35"
BLAK34,"0,13808920",03/09/2019,30/09/2019,Dividendo,"0,00"
HOME34,"0,13307227",03/09/2019,25/09/2019,Dividendo,"0,03"
MOSC34,"0,02283096",03/09/2019,25/09/2019,Dividendo,"0,06"
BOAC34,"0,12394042",04/09/2019,03/10/2019,Dividendo,"0,11"
GMCO34,"0,26157652",04/09/2019,26/09/2019,Dividendo,"0,00"
PEPB34,"0,17531059",04/09/2019,09/10/2019,Dividendo,"0,00"
OXYP34,"0,12066496",06/09/2019,21/10/2019,Dividendo,"0,00"
QCOM34,"0,14196309",10/09/2019,02/10/2019,Dividendo,"0,00"
COCA34,"0,18411891",12/09/2019,08/10/2019,Dividendo,"0,08"
GEOO34,"0,21206051",12/09/2019,31/10/2019,Dividendo,"0,56"
MRCK34,"0,18595115",12/09/2019,11/10/2019,Dividendo,"0,00"
UNHH34,"0,04261038",12/09/2019,30/09/2019,Dividendo,"0,02"
TMOS34,"0,01088274",13/09/2019,21/10/2019,Dividendo,"0,00"
AVGO34,"0,10451810",19/09/2019,07/10/2019,Dividendo,"0,00"
CMCS34,"0,11286195",30/09/2019,29/10/2019,Dividendo,"0,00"
CSCO34,"0,18810318",02/10/2019,29/10/2019,Dividendo,"0,00"
JPMC34,"0,23918786",02/10/2019,06/11/2019,Dividendo,"0,10"
AXPB34,"0,11827532",03/10/2019,21/11/2019,Dividendo,"0,00"
MSCD34,"0,02905479",07/10/2019,18/11/2019,Dividendo,"0,00"
ATTB34,"0,44879233",08/10/2019,12/11/2019,Dividendo,"0,00"
ORCL34,"0,10607519",08/10/2019,31/10/2019,Dividendo,"1,01"
VERZ34,"0,27008611",08/10/2019,07/11/2019,Dividendo,"0,00"
ABBV34,"0,18541079",11/10/2019,22/11/2019,Dividendo,"0,00"
FCXO34,"0,04391664",11/10/2019,07/11/2019,Dividendo,"0,00"
COPH34,"0,09780785",15/10/2019,06/12/2019,Dividendo,"0,00"
PGCO34,"0,14771564",16/10/2019,22/11/2019,Dividendo,"0,00"
CATP34,"0,17960656",17/10/2019,28/11/2019,Dividendo,"0,00"
FDMO34,"0,41626505",18/10/2019,06/12/2019,Dividendo,"0,00"
COLG34,"0,17006348",21/10/2019,22/11/2019,Dividendo,"0,00"
BONY34,"0,85268299",24/10/2019,21/11/2019,Dividendo,"2,14"
BCSA34,"0,32766667",29/10/2019,14/11/2019,Dividendo,"0,00"
MSBR34,"0,19386267",29/10/2019,26/11/2019,Dividendo,"0,00"
TEXA34,"0,16658546",29/10/2019,27/11/2019,Dividendo,"0,00"
COWC34,"0,04505336",30/10/2019,22/11/2019,Dividendo,"0,02"
ULEV34,"1,76740000",30/10/2019,10/12/2019,Dividendo,"0,00"
CTGP34,"0,23572010",31/10/2019,28/11/2019,Dividendo,"0,00"
AALL34,"0,27909091",04/11/2019,26/11/2019,Dividendo,"0,00"
ITLC34,"0,14569271",05/11/2019,05/12/2019,Dividendo,"0,06"
AAPL34,"0,02668419",06/11/2019,22/11/2019,Dividendo,"0,03"
PFIZ34,"0,24975891",06/11/2019,06/12/2019,Dividendo,"0,16"
SCHW34,"0,05893000",06/11/2019,28/11/2019,Dividendo,"0,00"
WFCO34,"0,35382518",06/11/2019,06/12/2019,Dividendo,"0,16"
EXXO34,"0,14868428",07/11/2019,16/12/2019,Dividendo,"0,20"
SBUB34,"1,15069233",11/11/2019,10/12/2019,Dividendo,"0,34"
LILY34,"0,09780786",12/11/2019,05/12/2019,Dividendo,"0,00"
SIMN34,"3,07160000",12/11/2019,27/12/2019,Dividendo,"0,00"
CHVX34,"0,32616108",13/11/2019,17/12/2019,Dividendo,"0,00"
KHCB34,"0,27009023",13/11/2019,26/12/2019,Dividendo,"0,20"
VISA34,"0,04162152",13/11/2019,12/12/2019,Dividendo,"0,00"
EQIX34,"2,04243333",14/11/2019,27/12/2019,Dividendo,"0,00"
MSFT34,"0,05772922",18/11/2019,18/12/2019,Dividendo,"0,00"
MMMC34,"0,97800095",19/11/2019,18/12/2019,Dividendo,"0,00"
JNJB34,"0,17277738",22/11/2019,19/12/2019,Dividendo,"0,03"
ELCI34,"0,05394890",26/11/2019,20/12/2019,Dividendo,"0,00"
NVDC34,"0,00225180",26/11/2019,30/12/2019,Dividendo,"0,00"
NEXT34,"0,21073895",27/11/2019,20/12/2019,Dividendo,"0,09"
COCA34,"0,18023682",28/11/2019,23/12/2019,Dividendo,"0,00"
GSGI34,"0,11135060",28/11/2019,06/01/2020,Dividendo,"0,00"
MCDC34,"0,84295545",28/11/2019,20/12/2019,Dividendo,"6,60"
NIKE34,"0,06537686",28/11/2019,09/01/2020,Dividendo,"0,00"
HOME34,"0,13070403",03/12/2019,27/12/2019,Dividendo,"0,03"
MOSC34,"0,02242347",03/12/2019,27/12/2019,Dividendo,"0,00"
QCOM34,"1,66839836",03/12/2019,27/12/2019,Dividendo,"0,00"
BLAK34,"0,13448533",04/12/2019,02/01/2020,Dividendo,"0,00"
BOAC34,"0,12056577",04/12/2019,06/01/2020,Dividendo,"0,09"
GMCO34,"1,02256678",04/12/2019,27/12/2019,Dividendo,"0,00"
PEPB34,"0,17107173",04/12/2019,16/01/2020,Dividendo,"0,03"
WALM34,"0,08852378",04/12/2019,08/01/2020,Dividendo,"0,07"
UNHH34,"0,04151774",05/12/2019,23/12/2019,Dividendo,"0,00"
OXYP34,"0,12127849",06/12/2019,21/01/2020,Dividendo,"0,00"
DISB34,"2,43188539",12/12/2019,27/01/2020,Dividendo,"0,40"
MRCK34,"1,64548960",12/12/2019,14/01/2020,Dividendo,"0,45"
TMOS34,"0,01093812",13/12/2019,21/01/2020,Dividendo,"0,00"
TLNC34,"0,64000000",16/12/2019,10/01/2020,Dividendo,"0,00"
TSMC34,"1,29914003",18/12/2019,22/01/2020,Dividendo,"0,55"
AVGO34,"0,12407638",19/12/2019,07/01/2020,Dividendo,"0,00"
GEOO34,"0,22289868",19/12/2019,31/01/2020,Dividendo,"0,50"
HOND34,"0,98815930",26/12/2019,18/03/2020,Dividendo,"0,00"
AXPB34,"0,12251971",30/12/2019,19/02/2020,Dividendo,"0,02"
CSCO34,"0,97112252",30/12/2019,28/01/2020,Dividendo,"0,00"
JPMC34,"0,25471358",02/01/2020,06/02/2020,Dividendo,"0,09"
CMCS34,"0,11678234",06/01/2020,04/02/2020,Dividendo,"0,06"
MSCD34,"0,03670015",07/01/2020,14/02/2020,Dividendo,"0,00"
ORCL34,"0,11050048",07/01/2020,30/01/2020,Dividendo,"0,05"
ATTB34,"0,48509365",08/01/2020,12/02/2020,Dividendo,"0,30"
VERZ34,"1,73035723",08/01/2020,07/02/2020,Dividendo,"0,71"
ABBV34,"0,21003305",13/01/2020,20/02/2020,Dividendo,"0,00"
FCXO34,"0,04689276",13/01/2020,07/02/2020,Dividendo,"0,00"
CATP34,"0,18679249",16/01/2020,27/02/2020,Dividendo,"0,03"
COLG34,"0,17616770",21/01/2020,21/02/2020,Dividendo,"0,00"
PGCO34,"2,15231970",22/01/2020,26/02/2020,Dividendo,"0,40"
BONY34,"0,88328188",23/01/2020,18/02/2020,Dividendo,"0,00"
FDMO34,"0,44500155",28/01/2020,06/03/2020,Dividendo,"0,00"
MSBR34,"0,19949712",29/01/2020,28/02/2020,Dividendo,"0,00"
PFIZ34,"0,29159014",29/01/2020,12/03/2020,Dividendo,"0,18"
TEXA34,"0,17095778",29/01/2020,19/02/2020,Dividendo,"0,03"
CTGP34,"1,51973321",30/01/2020,05/03/2020,Dividendo,"0,47"
R1IN34,"0,32000000",30/01/2020,20/02/2020,Dividendo,"0,00"
AALL34,"0,28964667",03/02/2020,27/02/2020,Dividendo,"0,00"
SBUB34,"1,19211361",04/02/2020,06/03/2020,Dividendo,"0,32"
COWC34,"0,04732699",05/02/2020,02/03/2020,Dividendo,"0,01"
ITLC34,"0,97900650",05/02/2020,06/03/2020,Dividendo,"0,34"
WFCO34,"1,51301021",05/02/2020,06/03/2020,Dividendo,"0,74"
AAPL34,"0,02741109",06/02/2020,19/02/2020,Dividendo,"0,02"
EXXO34,"0,16772550",07/02/2020,16/03/2020,Dividendo,"0,25"
COPH34,"0,10383407",12/02/2020,06/03/2020,Dividendo,"0,16"
LILY34,"0,07608697",12/02/2020,16/03/2020,Dividendo,"0,02"
MMMC34,"1,17785378",12/02/2020,18/03/2020,Dividendo,"0,66"
SCHW34,"0,26818816",12/02/2020,05/03/2020,Dividendo,"0,13"
SIMN34,"1,56443195",12/02/2020,05/03/2020,Dividendo,"0,00"
VISA34,"0,04475668",12/02/2020,12/03/2020,Dividendo,"0,00"
CHVX34,"0,39909362",13/02/2020,17/03/2020,Dividendo,"0,16"
A1MT34,"0,06501335",17/02/2020,17/03/2020,Dividendo,"0,00"
MSFT34,"0,06810719",18/02/2020,18/03/2020,Dividendo,"0,01"
C1CL34,"2,28931852",19/02/2020,19/03/2020,Dividendo,"1,20"
ULEV34,"2,16732669",19/02/2020,24/03/2020,Dividendo,"0,00"
EQIX34,"1,80098121",20/02/2020,24/03/2020,Dividendo,"0,00"
JNJB34,"0,19522417",20/02/2020,19/03/2020,Dividendo,"0,03"
ELCI34,"0,06602193",26/02/2020,20/03/2020,Dividendo,"0,00"
NEXT34,"0,28884652",26/02/2020,20/03/2020,Dividendo,"0,00"
NVDC34,"0,00278399",26/02/2020,26/03/2020,Dividendo,"0,00"
GSGI34,"0,14253919",27/02/2020,03/04/2020,Dividendo,"0,15"
MCDC34,"1,03159460",27/02/2020,20/03/2020,Dividendo,"0,45"
NIKE34,"0,08504836",27/02/2020,08/04/2020,Dividendo,"0,02"
R1IN34,"0,33413000",27/02/2020,19/03/2020,Dividendo,"0,00"
BLAK34,"0,18505494",03/03/2020,27/03/2020,Dividendo,"0,05"
MOSC34,"0,02830173",03/03/2020,25/03/2020,Dividendo,"0,07"
N1EM34,"0,40318000",03/03/2020,25/03/2020,Dividendo,"0,19"
QCOM34,"2,05038074",03/03/2020,01/04/2020,Dividendo,"0,56"
BOAC34,"0,15228796",04/03/2020,02/04/2020,Dividendo,"0,12"
GMCO34,"1,27856155",04/03/2020,26/03/2020,Dividendo,"0,90"
PEPB34,"0,22046160",04/03/2020,09/04/2020,Dividendo,"0,00"
GEOO34,"0,29865270",05/03/2020,04/05/2020,Dividendo,"0,65"
RIOT34,"11,44761294",05/03/2020,23/04/2020,Dividendo,"5,04"
OXYP34,"0,15226978",06/03/2020,22/04/2020,Dividendo,"0,00"
HOME34,"0,17716421",10/03/2020,01/04/2020,Dividendo,"0,03"
D1VN34,"0,30960000",11/03/2020,06/04/2020,Dividendo,"0,79"
KHCB34,"0,33882182",11/03/2020,07/04/2020,Dividendo,"0,31"
N1DA34,"0,26511737",11/03/2020,02/04/2020,Dividendo,"0,00"
COCA34,"0,23720947",12/03/2020,08/04/2020,Dividendo,"0,11"
MRCK34,"2,11142637",12/03/2020,14/04/2020,Dividendo,"0,59"
P1LD34,"0,16624167",12/03/2020,06/04/2020,Dividendo,"0,00"
TMOS34,"0,01590159",12/03/2020,23/04/2020,Dividendo,"0,00"
UNHH34,"0,05188084",12/03/2020,30/03/2020,Dividendo,"0,02"
TSMC34,"1,62766254",18/03/2020,23/04/2020,Dividendo,"0,72"
WALM34,"0,11682075",18/03/2020,13/04/2020,Dividendo,"0,07"
AVGO34,"0,15969076",19/03/2020,06/04/2020,Dividendo,"0,08"
HOND34,"1,02512160",26/03/2020,17/06/2020,Dividendo,"0,00"
SNEC34,"0,83209494",26/03/2020,19/06/2020,Dividendo,"0,00"
S1LG34,"0,51083333",27/03/2020,22/04/2020,Dividendo,"0,00"
TMCO34,"0,53973721",27/03/2020,12/06/2020,Dividendo,"0,00"
CMCS34,"0,16460402",30/03/2020,28/04/2020,Dividendo,"0,09"
R1IN34,"0,40360976",30/03/2020,22/04/2020,Dividendo,"0,00"
AXPB34,"0,16423796",01/04/2020,19/05/2020,Dividendo,"0,04"
CSCO34,"1,28820533",01/04/2020,28/04/2020,Dividendo,"0,64"
JPMC34,"0,32391750",02/04/2020,07/05/2020,Dividendo,"0,14"
ATTB34,"0,63069634",07/04/2020,12/05/2020,Dividendo,"0,39"
MSCD34,"0,04962136",07/04/2020,15/05/2020,Dividendo,"0,00"
ORCL34,"0,14447211",07/04/2020,30/04/2020,Dividendo,"0,05"
VERZ34,"2,26713422",08/04/2020,07/05/2020,Dividendo,"0,76"
T1OW34,"0,14118889",09/04/2020,06/05/2020,Dividendo,"0,00"
ABBV34,"0,28430603",13/04/2020,21/05/2020,Dividendo,"0,00"
ATVI34,"1,50723791",13/04/2020,12/05/2020,Dividendo,"0,46"
CATP34,"0,24308624",16/04/2020,27/05/2020,Dividendo,"0,00"
COLG34,"0,24265943",16/04/2020,22/05/2020,Dividendo,"0,12"
PGCO34,"3,04814565",22/04/2020,21/05/2020,Dividendo,"0,47"
BONY34,"1,18075472",24/04/2020,20/05/2020,Dividendo,"2,29"
COWC34,"0,06746244",28/04/2020,21/05/2020,Dividendo,"0,02"
MSBR34,"0,26455859",28/04/2020,26/05/2020,Dividendo,"0,00"
R1IN34,"0,44917073",28/04/2020,21/05/2020,Dividendo,"0,00"
S1LG34,"0,56855000",28/04/2020,21/05/2020,Dividendo,"0,00"
CTGP34,"1,87604169",29/04/2020,28/05/2020,Dividendo,"0,69"
TEXA34,"0,22630740",29/04/2020,27/05/2020,Dividendo,"0,00"
ITLC34,"1,18026447",05/05/2020,05/06/2020,Dividendo,"0,36"
PFIZ34,"0,31203141",06/05/2020,12/06/2020,Dividendo,"0,14"
SBUB34,"1,48980224",06/05/2020,02/06/2020,Dividendo,"0,36"
SCHW34,"0,33106624",06/05/2020,28/05/2020,Dividendo,"0,17"
WALM34,"0,11704432",06/05/2020,05/06/2020,Dividendo,"0,07"
WFCO34,"1,82404506",06/05/2020,05/06/2020,Dividendo,"1,23"
AAPL34,"0,03986342",07/05/2020,20/05/2020,Dividendo,"0,02"
COPH34,"0,12517954",07/05/2020,05/06/2020,Dividendo,"0,20"
EXXO34,"0,17619424",11/05/2020,17/06/2020,Dividendo,"0,26"
VISA34,"0,05043076",12/05/2020,12/06/2020,Dividendo,"0,00"
LILY34,"0,07992877",13/05/2020,17/06/2020,Dividendo,"0,02"
RYTT34,"1,68036377",13/05/2020,25/06/2020,Dividendo,"0,52"
ULEV34,"2,06222332",13/05/2020,10/06/2020,Dividendo,"0,00"
CHVX34,"0,41645035",15/05/2020,17/06/2020,Dividendo,"0,16"
EQIX34,"1,85095763",18/05/2020,23/06/2020,Dividendo,"0,00"
A1MT34,"0,07393440",19/05/2020,17/06/2020,Dividendo,"0,00"
MSFT34,"0,07141401",19/05/2020,17/06/2020,Dividendo,"0,01"
MMMC34,"1,23504258",20/05/2020,18/06/2020,Dividendo,"0,00"
JNJB34,"0,21587323",21/05/2020,19/06/2020,Dividendo,"0,03"
KHCB34,"0,35809978",27/05/2020,07/07/2020,Dividendo,"0,22"
S1LG34,"0,50911681",27/05/2020,19/06/2020,Dividendo,"0,44"
GSGI34,"0,15015507",28/05/2020,03/07/2020,Dividendo,"0,00"
MCDC34,"1,07867161",28/05/2020,19/06/2020,Dividendo,"0,43"
NIKE34,"0,08699607",28/05/2020,08/07/2020,Dividendo,"0,02"
R1IN34,"0,40212681",28/05/2020,19/06/2020,Dividendo,"0,27"
NEXT34,"0,30202804",29/05/2020,19/06/2020,Dividendo,"0,09"
HOME34,"0,18925908",02/06/2020,24/06/2020,Dividendo,"0,03"
MOSC34,"0,02943941",02/06/2020,24/06/2020,Dividendo,"0,00"
N1EM34,"0,88320895",02/06/2020,24/06/2020,Dividendo,"0,00"
QCOM34,"2,30301801",02/06/2020,01/07/2020,Dividendo,"0,53"
BLAK34,"0,18760538",03/06/2020,29/06/2020,Dividendo,"0,04"
BOAC34,"0,16333005",03/06/2020,02/07/2020,Dividendo,"0,12"
NVDC34,"0,00302463",03/06/2020,02/07/2020,Dividendo,"0,00"
PEPB34,"0,24031136",03/06/2020,10/07/2020,Dividendo,"0,00"
N1DA34,"0,29641759",09/06/2020,02/07/2020,Dividendo,"0,10"
COCA34,"0,24264178",10/06/2020,08/07/2020,Dividendo,"0,10"
D1VN34,"0,39953846",10/06/2020,06/07/2020,Dividendo,"0,00"
MRCK34,"2,16020278",10/06/2020,14/07/2020,Dividendo,"0,53"
OXYP34,"0,00197181",10/06/2020,21/07/2020,Dividendo,"0,00"
TMOS34,"0,01626809",10/06/2020,21/07/2020,Dividendo,"0,00"
P1LD34,"0,17554861",12/06/2020,06/07/2020,Dividendo,"0,00"
TLNC34,"0,75678332",16/06/2020,27/07/2020,Dividendo,"0,00"
T1OW34,"0,16211458",17/06/2020,16/07/2020,Dividendo,"0,00"
TSMC34,"1,69554790",17/06/2020,22/07/2020,Dividendo,"0,57"
AVGO34,"0,16863818",18/06/2020,06/07/2020,Dividendo,"0,00"
UNHH34,"0,06486083",18/06/2020,06/07/2020,Dividendo,"0,02"
GEOO34,"0,27786274",25/06/2020,31/07/2020,Dividendo,"0,00"
HOND34,"0,42702939",25/06/2020,21/09/2020,Dividendo,"0,00"
S1LG34,"0,52902965",26/06/2020,21/07/2020,Dividendo,"0,00"
CMCS34,"0,15515408",29/06/2020,28/07/2020,Dividendo,"0,07"
R1IN34,"0,41438117",29/06/2020,21/07/2020,Dividendo,"0,25"
AXPB34,"0,15388309",30/06/2020,19/08/2020,Dividendo,"0,00"
CSCO34,"1,21424961",02/07/2020,28/07/2020,Dividendo,"0,49"
JPMC34,"0,30988235",02/07/2020,06/08/2020,Dividendo,"0,12"
ATTB34,"0,60330974",07/07/2020,12/08/2020,Dividendo,"0,37"
MSCD34,"0,04641585",07/07/2020,14/08/2020,Dividendo,"0,00"
VERZ34,"2,16336454",07/07/2020,07/08/2020,Dividendo,"0,73"
SIMN34,"1,13441041",08/07/2020,30/07/2020,Dividendo,"1,28"
ABBV34,"0,26754010",13/07/2020,20/08/2020,Dividendo,"0,05"
ORCL34,"0,13747640",13/07/2020,04/08/2020,Dividendo,"0,04"
CATP34,"0,23882156",16/07/2020,27/08/2020,Dividendo,"0,00"
COLG34,"0,22402944",16/07/2020,21/08/2020,Dividendo,"0,09"
COPH34,"0,12548975",16/07/2020,08/09/2020,Dividendo,"0,23"
PGCO34,"2,89692408",22/07/2020,21/08/2020,Dividendo,"0,45"
BONY34,"1,10939277",23/07/2020,18/08/2020,Dividendo,"2,16"
COWC34,"0,06348411",29/07/2020,20/08/2020,Dividendo,"0,01"
MSBR34,"0,25087825",29/07/2020,25/08/2020,Dividendo,"0,00"
PFIZ34,"0,34061501",29/07/2020,08/09/2020,Dividendo,"0,17"
S1LG34,"0,54039354",29/07/2020,21/08/2020,Dividendo,"0,00"
TEXA34,"0,21549584",29/07/2020,26/08/2020,Dividendo,"0,03"
CTGP34,"1,85908761",30/07/2020,03/09/2020,Dividendo,"0,71"
R1IN34,"0,42353452",30/07/2020,20/08/2020,Dividendo,"0,00"
ITLC34,"1,18318896",05/08/2020,08/09/2020,Dividendo,"0,46"
RIOT34,"7,84946466",05/08/2020,23/09/2020,Dividendo,"0,00"
SBUB34,"1,50990111",05/08/2020,01/09/2020,Dividendo,"0,00"
SCHW34,"0,32807424",05/08/2020,03/09/2020,Dividendo,"0,00"
ULEV34,"2,34846922",05/08/2020,15/09/2020,Dividendo,"0,00"
WFCO34,"0,35854211",05/08/2020,08/09/2020,Dividendo,"0,28"
AAPL34,"0,03718355",06/08/2020,19/08/2020,Dividendo,"0,02"
EXXO34,"0,19248199",11/08/2020,16/09/2020,Dividendo,"0,32"
D1VN34,"0,98250943",12/08/2020,07/10/2020,Dividendo,"0,00"
LILY34,"0,08731753",12/08/2020,16/09/2020,Dividendo,"0,02"
RYTT34,"1,66588827",12/08/2020,17/09/2020,Dividendo,"0,00"
VISA34,"0,05319824",12/08/2020,11/09/2020,Dividendo,"0,00"
WALM34,"0,11892466",12/08/2020,14/09/2020,Dividendo,"0,07"
CHVX34,"0,45242007",17/08/2020,17/09/2020,Dividendo,"0,18"
EQIX34,"1,97400760",17/08/2020,29/09/2020,Dividendo,"0,24"
A1MT34,"0,07787755",18/08/2020,16/09/2020,Dividendo,"0,00"
MSFT34,"0,07522284",18/08/2020,16/09/2020,Dividendo,"0,01"
MMMC34,"1,30115858",20/08/2020,17/09/2020,Dividendo,"0,57"
JNJB34,"0,23518784",21/08/2020,17/09/2020,Dividendo,"0,03"
KHCB34,"0,37250857",26/08/2020,06/10/2020,Dividendo,"0,19"
NEXT34,"0,30927254",26/08/2020,21/09/2020,Dividendo,"0,00"
ELCI34,"0,07069068",27/08/2020,21/09/2020,Dividendo,"0,00"
NIKE34,"0,09154050",27/08/2020,08/10/2020,Dividendo,"0,01"
S1LG34,"0,52134110",27/08/2020,21/09/2020,Dividendo,"0,00"
GSGI34,"0,15690138",28/08/2020,05/10/2020,Dividendo,"0,14"
MCDC34,"1,10454461",28/08/2020,21/09/2020,Dividendo,"0,37"
R1IN34,"0,41265844",28/08/2020,21/09/2020,Dividendo,"0,24"
NVDC34,"0,00309156",31/08/2020,30/09/2020,Dividendo,"0,00"
HOME34,"0,18808455",01/09/2020,23/09/2020,Dividendo,"0,02"
MOSC34,"0,02925721",01/09/2020,23/09/2020,Dividendo,"0,00"
QCOM34,"2,41141592",01/09/2020,30/09/2020,Dividendo,"0,37"
BLAK34,"0,19982345",02/09/2020,28/09/2020,Dividendo,"0,04"
BOAC34,"0,16757985",02/09/2020,01/10/2020,Dividendo,"0,12"
PEPB34,"0,25356541",02/09/2020,09/10/2020,Dividendo,"0,00"
N1EM34,"0,92746782",08/09/2020,30/09/2020,Dividendo,"0,26"
N1DA34,"0,30412785",09/09/2020,01/10/2020,Dividendo,"0,09"
D1VN34,"0,40938119",10/09/2020,06/10/2020,Dividendo,"0,84"
UNHH34,"0,06487773",10/09/2020,28/09/2020,Dividendo,"0,02"
COCA34,"0,25531711",11/09/2020,08/10/2020,Dividendo,"0,09"
MRCK34,"2,29450652",11/09/2020,14/10/2020,Dividendo,"0,51"
OXYP34,"0,00209056",11/09/2020,21/10/2020,Dividendo,"0,01"
TMOS34,"0,01724750",11/09/2020,21/10/2020,Dividendo,"0,00"
P1LD34,"0,18177295",15/09/2020,06/10/2020,Dividendo,"0,07"
TSMC34,"1,82826809",16/09/2020,21/10/2020,Dividendo,"6,85"
AVGO34,"0,17460926",18/09/2020,06/10/2020,Dividendo,"0,05"
GEOO34,"0,30247167",24/09/2020,30/10/2020,Dividendo,"0,90"
T1OW34,"0,17810820",24/09/2020,22/10/2020,Dividendo,"0,00"
HOND34,"0,72705323",25/09/2020,15/12/2020,Dividendo,"0,00"
SNEC34,"0,87220291",25/09/2020,14/12/2020,Dividendo,"0,20"
SNEC34,"0,87220291",25/09/2020,14/12/2020,Dividendo,"0,20"
SNEC34,"0,87220291",25/09/2020,14/12/2020,Dividendo,"0,20"
S1LG34,"0,55505871",28/09/2020,21/10/2020,Dividendo,"0,41"
TMCO34,"0,51311865",28/09/2020,11/12/2020,Dividendo,"0,00"
TMCO34,"0,51311865",28/09/2020,11/12/2020,Dividendo,"0,00"
R1IN34,"0,44028244",29/09/2020,21/10/2020,Dividendo,"0,00"
CSCO34,"1,34492863",30/09/2020,27/10/2020,Dividendo,"0,60"
JPMC34,"0,31650623",02/10/2020,06/11/2020,Dividendo,"0,11"
CMCS34,"0,15962963",05/10/2020,04/11/2020,Dividendo,"0,06"
ORCL34,"0,14807583",06/10/2020,29/10/2020,Dividendo,"0,04"
ATTB34,"0,65429367",07/10/2020,11/11/2020,Dividendo,"0,40"
AXPB34,"0,15331348",07/10/2020,19/11/2020,Dividendo,"0,00"
MSCD34,"0,04483446",07/10/2020,16/11/2020,Dividendo,"0,00"
SIMN34,"1,23803089",07/10/2020,29/10/2020,Dividendo,"1,24"
VERZ34,"2,38931707",07/10/2020,06/11/2020,Dividendo,"0,71"
ABBV34,"0,26638978",13/10/2020,20/11/2020,Dividendo,"0,00"
COPH34,"0,12664806",15/10/2020,07/12/2020,Dividendo,"0,00"
COLG34,"0,22374212",21/10/2020,23/11/2020,Dividendo,"0,05"
PGCO34,"2,88581078",21/10/2020,20/11/2020,Dividendo,"0,36"
CATP34,"0,22726426",22/10/2020,27/11/2020,Dividendo,"0,02"
BONY34,"1,10528320",26/10/2020,19/11/2020,Dividendo,"0,54"
COWC34,"0,06413711",28/10/2020,19/11/2020,Dividendo,"0,12"
CTGP34,"1,84492102",28/10/2020,01/12/2020,Dividendo,"0,77"
MSBR34,"0,24484972",28/10/2020,24/11/2020,Dividendo,"0,09"
R1IN34,"0,42880569",28/10/2020,19/11/2020,Dividendo,"0,26"
S1LG34,"0,53832886",28/10/2020,20/11/2020,Dividendo,"0,44"
TEXA34,"0,24294474",28/10/2020,26/11/2020,Dividendo,"0,03"
ULEV34,"2,49382679",28/10/2020,26/11/2020,Dividendo,"0,73"
B1PP34,"0,38613037",04/11/2020,28/12/2020,Dividendo,"1,75"
ITLC34,"0,19238585",04/11/2020,07/12/2020,Dividendo,"0,44"
PFIZ34,"0,33230283",04/11/2020,07/12/2020,Dividendo,"0,62"
WFCO34,"0,08835903",04/11/2020,07/12/2020,Dividendo,"0,28"
AAPL34,"0,03802154",05/11/2020,18/11/2020,Dividendo,"0,06"
EXXO34,"0,18638798",10/11/2020,16/12/2020,Dividendo,"0,37"
EXXO34,"0,18638798",10/11/2020,16/12/2020,Dividendo,"0,37"
SBUB34,"1,57552447",10/11/2020,08/12/2020,Dividendo,"0,00"
LILY34,"0,08455288",11/11/2020,16/12/2020,Dividendo,"0,02"
LILY34,"0,08455288",11/11/2020,16/12/2020,Dividendo,"0,02"
RYTT34,"1,59697372",11/11/2020,28/12/2020,Dividendo,"0,00"
RYTT34,"1,59697372",11/11/2020,28/12/2020,Dividendo,"0,00"
SCHW34,"0,08112117",11/11/2020,03/12/2020,Dividendo,"0,00"
VISA34,"0,05518665",11/11/2020,10/12/2020,Dividendo,"0,00"
BCSA34,"0,58277916",12/11/2020,18/12/2020,Dividendo,"4,17"
CHVX34,"0,43584102",16/11/2020,17/12/2020,Dividendo,"0,18"
CHVX34,"0,43584102",16/11/2020,17/12/2020,Dividendo,"0,18"
EQIX34,"0,11397520",16/11/2020,15/12/2020,Dividendo,"0,22"
EQIX34,"0,11397520",16/11/2020,15/12/2020,Dividendo,"0,22"
A1MT34,"0,07463518",17/11/2020,16/12/2020,Dividendo,"0,00"
A1MT34,"0,07463518",17/11/2020,16/12/2020,Dividendo,"0,00"
MSFT34,"0,07915802",17/11/2020,16/12/2020,Dividendo,"0,17"
B1SA34,"0,84768956",18/11/2020,10/12/2020,Dividendo,"1,75"
B1SA34,"0,84768956",18/11/2020,10/12/2020,Dividendo,"1,75"
MMMC34,"1,26661151",18/11/2020,17/12/2020,Dividendo,"0,55"
MMMC34,"1,26661151",18/11/2020,17/12/2020,Dividendo,"0,55"
JNJB34,"0,22695795",20/11/2020,17/12/2020,Dividendo,"0,03"
KHCB34,"0,34335976",25/11/2020,30/12/2020,Dividendo,"0,19"
NEXT34,"0,30210087",25/11/2020,21/12/2020,Dividendo,"0,29"
NEXT34,"0,30210087",25/11/2020,21/12/2020,Dividendo,"0,29"
ELCI34,"0,07624549",26/11/2020,21/12/2020,Dividendo,"0,00"
ELCI34,"0,07624549",26/11/2020,21/12/2020,Dividendo,"0,00"
L1MN34,"0,85504132",26/11/2020,17/12/2020,Dividendo,"0,00"
L1MN34,"0,85504132",26/11/2020,17/12/2020,Dividendo,"0,00"
S1LG34,"0,50925535",26/11/2020,21/12/2020,Dividendo,"0,00"
S1LG34,"0,50925535",26/11/2020,21/12/2020,Dividendo,"0,00"
COCA34,"0,23055497",27/11/2020,22/12/2020,Dividendo,"0,08"
MCDC34,"0,22269152",27/11/2020,21/12/2020,Dividendo,"0,38"
R1IN34,"0,40395039",27/11/2020,21/12/2020,Dividendo,"0,24"
R1IN34,"0,40395039",27/11/2020,21/12/2020,Dividendo,"0,24"
COWC34,"0,85504536",30/11/2020,17/12/2020,Dividendo,"1,62"
COWC34,"0,85504536",30/11/2020,17/12/2020,Dividendo,"1,62"
GSGI34,"0,14546127",30/11/2020,06/01/2021,Dividendo,"0,12"
HOME34,"0,18470247",01/12/2020,23/12/2020,Dividendo,"0,35"
MOSC34,"0,02873133",01/12/2020,23/12/2020,Dividendo,"0,05"
QCOM34,"0,18675472",01/12/2020,23/12/2020,Dividendo,"0,28"
BLAK34,"0,19147315",02/12/2020,28/12/2020,Dividendo,"0,03"
BOAC34,"0,15942978",02/12/2020,30/12/2020,Dividendo,"0,42"
C1SU34,"0,19167460",02/12/2020,23/12/2020,Amortização,"0,00"
C1SU34,"0,13155090",02/12/2020,01/02/2021,Dividendo,"0,00"
N1DA34,"0,28481606",02/12/2020,28/12/2020,Dividendo,"0,08"
NVDC34,"0,00292895",02/12/2020,05/01/2021,Dividendo,"0,01"
PEPB34,"0,24661093",02/12/2020,18/01/2021,Dividendo,"0,03"
NIKE34,"0,09528018",03/12/2020,06/01/2021,Dividendo,"0,01"
UNHH34,"0,06165324",03/12/2020,21/12/2020,Dividendo,"0,12"
UNHH34,"0,06165324",03/12/2020,21/12/2020,Dividendo,"0,12"
OXYP34,"0,00198902",08/12/2020,21/01/2021,Dividendo,"0,00"
D1VN34,"0,38006250",09/12/2020,06/01/2021,Dividendo,"0,00"
N1EM34,"1,40505916",09/12/2020,04/01/2021,Dividendo,"0,45"
WALM34,"0,11906776",09/12/2020,08/01/2021,Dividendo,"0,25"
TLNC34,"0,85404939",10/12/2020,19/01/2021,Dividendo,"3,57"
MRCK34,"0,30200571",11/12/2020,14/01/2021,Dividendo,"0,57"
S1LG34,"0,54395012",11/12/2020,21/01/2021,Dividendo,"0,34"
S1LG34,"0,53040094",11/12/2020,21/01/2021,Dividendo,"0,33"
TMOS34,"0,01640965",11/12/2020,21/01/2021,Dividendo,"0,03"
B1TI34,"0,73027000",16/12/2020,12/02/2021,Dividendo,"0,00"
P1LD34,"0,17410624",16/12/2020,07/01/2021,Dividendo,"0,00"
TSMC34,"0,22176022",16/12/2020,20/01/2021,Dividendo,"0,33"
AVGO34,"0,18525631",17/12/2020,07/01/2021,Dividendo,"0,30"
GEOO34,"0,29370734",17/12/2020,29/01/2021,Dividendo,"0,54"
SIMN34,"1,18291780",21/12/2020,29/01/2021,Dividendo,"1,10"
T1OW34,"0,18216340",22/12/2020,08/02/2021,Dividendo,"0,06"
HOND34,"0,76806861",28/12/2020,-,Dividendo,"0,51"
R1IN34,"0,41978936",29/12/2020,21/01/2021,Dividendo,"0,26"
CSCO34,"0,25887668",30/12/2020,27/01/2021,Dividendo,"0,56"
CMCS34,"0,17033767",04/01/2021,02/02/2021,Dividendo,"0,32"
JPMC34,"0,32788774",04/01/2021,04/02/2021,Dividendo,"0,49"
ORCL34,"0,13935788",05/01/2021,28/01/2021,Dividendo,"0,04"
AXPB34,"0,14484164",06/01/2021,23/02/2021,Dividendo,"0,00"
MSCD34,"0,04787927",06/01/2021,17/02/2021,Dividendo,"0,00"
VERZ34,"0,38101772",06/01/2021,05/02/2021,Dividendo,"0,73"
ATTB34,"0,58071147",07/01/2021,10/02/2021,Dividendo,"0,36"
ABBV34,"0,31721293",13/01/2021,22/02/2021,Dividendo,"0,00"
CATP34,"0,21796302",18/01/2021,26/02/2021,Dividendo,"0,00"
PGCO34,"0,20873096",20/01/2021,22/02/2021,Dividendo,"0,40"
COLG34,"0,21981536",21/01/2021,23/02/2021,Dividendo,"0,05"
MSBR34,"1,22951345",27/01/2021,25/02/2021,Dividendo,"1,66"
PFIZ34,"0,37808350",27/01/2021,11/03/2021,Dividendo,"0,77"
S1LG34,"0,54536993",27/01/2021,22/02/2021,Dividendo,"0,30"
BONY34,"1,08899763",28/01/2021,25/02/2021,Dividendo,"0,50"
CTGP34,"0,31673795",28/01/2021,04/03/2021,Dividendo,"0,58"
R1IN34,"0,41807722",28/01/2021,22/02/2021,Dividendo,"0,25"
TEXA34,"0,24458901",28/01/2021,19/02/2021,Dividendo,"0,41"
COWC34,"0,06513855",03/02/2021,25/02/2021,Dividendo,"0,14"
ITLC34,"0,22263316",03/02/2021,05/03/2021,Dividendo,"0,43"
WFCO34,"0,09610065",03/02/2021,05/03/2021,Dividendo,"0,23"
AAPL34,"0,03730048",04/02/2021,19/02/2021,Dividendo,"0,05"
EXXO34,"0,20551007",08/02/2021,16/03/2021,Dividendo,"0,30"
COPH34,"0,13774432",10/02/2021,05/03/2021,Dividendo,"0,21"
LILY34,"0,10708568",10/02/2021,16/03/2021,Dividendo,"0,02"
MMMC34,"1,40879991",10/02/2021,18/03/2021,Dividendo,"0,57"
SCHW34,"0,08495036",10/02/2021,04/03/2021,Dividendo,"0,11"
VISA34,"0,05897599",10/02/2021,10/03/2021,Dividendo,"0,11"
CHVX34,"0,49403859",11/02/2021,17/03/2021,Dividendo,"1,00"
MSFT34,"0,08779839",12/02/2021,17/03/2021,Dividendo,"0,16"
SBUB34,"1,70431090",12/02/2021,16/03/2021,Dividendo,"0,30"
B1PP34,"0,43370715",17/02/2021,01/04/2021,Dividendo,"1,36"
JNJB34,"0,24689706",19/02/2021,18/03/2021,Dividendo,"0,41"
EQIX34,"0,13458477",22/02/2021,23/03/2021,Dividendo,"0,30"
A1MT34,"0,08194797",23/02/2021,24/03/2021,Dividendo,"0,00"
A1ZN34,"0,86315950",24/02/2021,05/04/2021,Dividendo,"1,90"
ELCI34,"0,08341052",24/02/2021,19/03/2021,Dividendo,"0,01"
NEXT34,"0,36354202",24/02/2021,19/03/2021,Dividendo,"0,36"
RYTT34,"0,29521726",24/02/2021,01/04/2021,Dividendo,"0,42"
S1LG34,"0,57278538",24/02/2021,19/03/2021,Dividendo,"0,31"
ULEV34,"2,72733472",24/02/2021,23/03/2021,Dividendo,"0,91"
MCDC34,"0,24362041",25/02/2021,19/03/2021,Dividendo,"0,42"
NIKE34,"0,10375157",25/02/2021,08/04/2021,Dividendo,"0,14"
R1IN34,"0,43829787",25/02/2021,07/04/2021,Dividendo,"0,26"
GSGI34,"0,16053695",26/02/2021,06/04/2021,Dividendo,"0,09"
MOSC34,"0,03104094",02/03/2021,24/03/2021,Dividendo,"0,03"
N1EM34,"2,04869900",02/03/2021,24/03/2021,Dividendo,"0,64"
QCOM34,"0,20895085",02/03/2021,31/03/2021,Dividendo,"0,32"
BLAK34,"0,23411749",03/03/2021,29/03/2021,Dividendo,"0,03"
BOAC34,"0,17628075",03/03/2021,01/04/2021,Dividendo,"0,33"
PEPB34,"0,25444605",03/03/2021,12/04/2021,Dividendo,"0,52"
RIOT34,"4,86523113",03/03/2021,22/04/2021,Dividendo,"0,90"
RIOT34,"16,81724749",03/03/2021,22/04/2021,Dividendo,"3,12"
GEOO34,"0,29447523",04/03/2021,30/04/2021,Dividendo,"0,38"
L1MN34,"0,93452419",04/03/2021,25/03/2021,Dividendo,"1,25"
NVDC34,"0,00944390",08/03/2021,19/03/2021,Dividendo,"0,02"
OXYP34,"0,00211647",08/03/2021,22/04/2021,Dividendo,"0,00"
HOME34,"0,22732017",09/03/2021,31/03/2021,Dividendo,"0,41"
A1UA34,"0,50646481",10/03/2021,09/04/2021,Dividendo,"1,56"
KHCB34,"0,38059074",10/03/2021,07/04/2021,Dividendo,"0,67"
N1DA34,"0,31991618",10/03/2021,01/04/2021,Dividendo,"0,08"
COCA34,"0,26409488",11/03/2021,08/04/2021,Dividendo,"0,56"
D1VN34,"0,38893096",11/03/2021,07/04/2021,Dividendo,"0,28"
D1VN34,"0,42287040",11/03/2021,07/04/2021,Dividendo,"0,30"
MRCK34,"0,30669381",11/03/2021,13/04/2021,Dividendo,"0,58"
UNHH34,"0,06680974",11/03/2021,29/03/2021,Dividendo,"0,12"
TMOS34,"0,02042427",12/03/2021,23/04/2021,Dividendo,"0,04"
TSMC34,"0,23639270",16/03/2021,22/04/2021,Dividendo,"0,29"
P1LD34,"0,20182568",17/03/2021,07/04/2021,Dividendo,"0,07"
S1BS34,"1,88364896",17/03/2021,08/04/2021,Dividendo,"0,00"
WALM34,"0,13078977",17/03/2021,09/04/2021,Dividendo,"0,28"
AVGO34,"0,19770669",18/03/2021,07/04/2021,Dividendo,"0,27"
B1TI34,"0,76482146",24/03/2021,21/05/2021,Dividendo,"1,69"
HOND34,"2,02751325",26/03/2021,18/06/2021,Dividendo,"1,18"
SNEC34,"1,01059289",26/03/2021,10/06/2021,Dividendo,"0,17"
S1LG34,"0,57774515",29/03/2021,22/04/2021,Dividendo,"0,00"
TMCO34,"0,62644918",29/03/2021,11/06/2021,Dividendo,"0,07"
AXPB34,"0,14849929",30/03/2021,19/05/2021,Dividendo,"0,18"
R1IN34,"0,44764331",30/03/2021,22/04/2021,Dividendo,"0,24"
CSCO34,"0,26857548",01/04/2021,04/05/2021,Dividendo,"0,44"
JPMC34,"0,32923313",01/04/2021,06/05/2021,Dividendo,"0,37"
CMCS34,"0,18146990",05/04/2021,04/05/2021,Dividendo,"0,29"
ORCL34,"0,19390143",06/04/2021,29/04/2021,Dividendo,"0,28"
ATTB34,"0,61795041",07/04/2021,12/05/2021,Dividendo,"1,06"
MSCD34,"0,04907343",07/04/2021,14/05/2021,Dividendo,"0,07"
SIMN34,"1,19942773",07/04/2021,29/04/2021,Dividendo,"0,73"
VERZ34,"0,38553812",07/04/2021,07/05/2021,Dividendo,"0,69"
T1OW34,"0,18882570",09/04/2021,05/05/2021,Dividendo,"0,05"
ABBV34,"0,28990380",13/04/2021,20/05/2021,Dividendo,"0,05"
ATVI34,"1,65987775",13/04/2021,12/05/2021,Dividendo,"0,30"
FCXO34,"0,09216067",13/04/2021,07/05/2021,Dividendo,"0,05"
E1CO34,"0,22545850",16/04/2021,05/05/2021,Dividendo,"0,00"
COLG34,"0,22493466",19/04/2021,21/05/2021,Dividendo,"0,35"
B1SA34,"1,73450163",20/04/2021,13/05/2021,Dividendo,"2,46"
PGCO34,"0,22097582",20/04/2021,21/05/2021,Dividendo,"0,40"
CATP34,"0,22538781",22/04/2021,27/05/2021,Dividendo,"0,29"
BONY34,"1,07057624",26/04/2021,20/05/2021,Dividendo,"0,40"
COWC34,"0,07046891",28/04/2021,20/05/2021,Dividendo,"0,14"
MSBR34,"0,24510507",28/04/2021,25/05/2021,Dividendo,"0,28"
S1LG34,"0,53937930",28/04/2021,21/05/2021,Dividendo,"0,27"
BCSA34,"0,14672291",29/04/2021,17/05/2021,Dividendo,"0,71"
CTGP34,"0,29685023",29/04/2021,04/06/2021,Dividendo,"0,45"
R1IN34,"0,41924662",29/04/2021,20/05/2021,Dividendo,"0,22"
TEXA34,"0,23630014",29/04/2021,26/05/2021,Dividendo,"0,36"
C1SU34,"0,08664085",03/05/2021,25/06/2021,Dividendo,"0,31"
C1SU34,"0,14729329",03/05/2021,21/05/2021,Amortização,"0,53"
B1PP34,"0,37719512",05/05/2021,24/06/2021,Dividendo,"1,05"
ITLC34,"0,20034988",05/05/2021,08/06/2021,Dividendo,"0,39"
PFIZ34,"0,33299944",05/05/2021,10/06/2021,Dividendo,"0,62"
WALM34,"0,11891269",05/05/2021,08/06/2021,Dividendo,"0,25"
WFCO34,"0,08648197",05/05/2021,08/06/2021,Dividendo,"0,14"
AAPL34,"0,03920834",06/05/2021,19/05/2021,Dividendo,"0,06"
EXXO34,"0,18825642",11/05/2021,16/06/2021,Dividendo,"0,24"
SBUB34,"1,55048493",11/05/2021,09/06/2021,Dividendo,"0,27"
COPH34,"0,12395747",12/05/2021,08/06/2021,Dividendo,"0,17"
LILY34,"0,09809530",12/05/2021,16/06/2021,Dividendo,"0,02"
SCHW34,"0,07857799",12/05/2021,04/06/2021,Dividendo,"0,09"
VISA34,"0,05376631",12/05/2021,11/06/2021,Dividendo,"0,09"
CHVX34,"0,44758531",17/05/2021,17/06/2021,Dividendo,"0,77"
EQIX34,"0,12216029",17/05/2021,22/06/2021,Dividendo,"0,26"
MSFT34,"0,08078437",18/05/2021,16/06/2021,Dividendo,"0,15"
MMMC34,"1,27310049",19/05/2021,17/06/2021,Dividendo,"0,48"
RYTT34,"0,28318402",19/05/2021,24/06/2021,Dividendo,"0,38"
ULEV34,"2,52690211",19/05/2021,16/06/2021,Dividendo,"0,79"
JNJB34,"0,23571231",21/05/2021,17/06/2021,Dividendo,"0,39"
A1MT34,"0,08167040",25/05/2021,23/06/2021,Dividendo,"0,00"
ELCI34,"0,07498828",26/05/2021,21/06/2021,Dividendo,"0,01"
KHCB34,"0,32673168",26/05/2021,06/07/2021,Dividendo,"0,56"
NIKE34,"0,09052528",27/05/2021,08/07/2021,Dividendo,"0,12"
S1LG34,"0,51495327",27/05/2021,21/06/2021,Dividendo,"0,21"
GSGI34,"0,14096588",28/05/2021,05/07/2021,Dividendo,"0,07"
L1MN34,"0,85737632",28/05/2021,17/06/2021,Dividendo,"1,18"
MCDC34,"0,21902235",28/05/2021,21/06/2021,Dividendo,"0,36"
R1IN34,"0,39899418",28/05/2021,21/06/2021,Dividendo,"0,22"
HOME34,"0,20052996",31/05/2021,23/06/2021,Dividendo,"0,35"
MOSC34,"0,04253675",31/05/2021,23/06/2021,Dividendo,"0,05"
N1EM34,"1,87161231",31/05/2021,23/06/2021,Dividendo,"0,48"
NEXT34,"0,32683569",31/05/2021,21/06/2021,Dividendo,"0,35"
QCOM34,"0,18858967",31/05/2021,30/06/2021,Dividendo,"0,32"
TLNC34,"0,80164609",31/05/2021,06/07/2021,Dividendo,"2,96"
BLAK34,"0,20855593",01/06/2021,29/06/2021,Dividendo,"0,03"
BOAC34,"0,15041378",01/06/2021,01/07/2021,Dividendo,"0,27"
PEPB34,"0,23681644",01/06/2021,12/07/2021,Dividendo,"0,47"
NVDC34,"0,00848892",08/06/2021,21/06/2021,Dividendo,"0,01"
OXYP34,"0,00191409",08/06/2021,21/07/2021,Dividendo,"0,00"
ARMT34,"0,61850158",09/06/2021,21/06/2021,Dividendo,"0,75"
N1DA34,"0,30082754",09/06/2021,01/07/2021,Dividendo,"0,07"
D1VN34,"0,77864455",10/06/2021,06/07/2021,Dividendo,"0,51"
D1VN34,"0,37239810",10/06/2021,06/07/2021,Dividendo,"0,24"
COCA34,"0,23042798",11/06/2021,08/07/2021,Dividendo,"0,48"
MRCK34,"0,28898047",11/06/2021,14/07/2021,Dividendo,"0,59"
TMOS34,"0,01866229",11/06/2021,21/07/2021,Dividendo,"0,04"
P1LD34,"0,17773427",14/06/2021,06/07/2021,Dividendo,"0,06"
T1OW34,"0,18528329",16/06/2021,15/07/2021,Dividendo,"0,05"
TSMC34,"0,22098915",16/06/2021,21/07/2021,Dividendo,"0,30"
UNHH34,"0,07008018",17/06/2021,05/07/2021,Dividendo,"0,12"
AVGO34,"0,17410698",18/06/2021,06/07/2021,Dividendo,"0,26"
GEOO34,"0,27956696",24/06/2021,30/07/2021,Dividendo,"0,43"
S1LG34,"0,52248822",28/06/2021,21/07/2021,Dividendo,"0,26"
R1IN34,"0,40568857",29/06/2021,21/07/2021,Dividendo,"0,24"
AXPB34,"0,15066710",30/06/2021,19/08/2021,Dividendo,"0,18"
SIMN34,"1,22769844",30/06/2021,29/07/2021,Dividendo,"0,74"
CSCO34,"0,25365906",02/07/2021,03/08/2021,Dividendo,"0,45"
JPMC34,"0,31935267",02/07/2021,05/08/2021,Dividendo,"0,40"
CMCS34,"0,17139125",05/07/2021,03/08/2021,Dividendo,"0,29"
B1TI34,"0,73962476",06/07/2021,30/08/2021,Dividendo,"1,82"
VERZ34,"0,37109963",06/07/2021,06/08/2021,Dividendo,"0,76"
ATTB34,"0,58734858",07/07/2021,11/08/2021,Dividendo,"1,16"
MSCD34,"0,04949656",07/07/2021,16/08/2021,Dividendo,"0,08"
ABBV34,"0,28896949",13/07/2021,20/08/2021,Dividendo,"0,05"
FCXO34,"0,08870908",13/07/2021,06/08/2021,Dividendo,"0,05"
ORCL34,"0,17938002",13/07/2021,05/08/2021,Dividendo,"0,24"
CATP34,"0,25112033",16/07/2021,27/08/2021,Dividendo,"0,38"
COLG34,"0,22357186",19/07/2021,23/08/2021,Dividendo,"0,36"
PGCO34,"0,22096323",21/07/2021,20/08/2021,Dividendo,"0,42"
COPH34,"0,12538267",22/07/2021,08/09/2021,Dividendo,"0,17"
TEXA34,"0,23508384",22/07/2021,18/08/2021,Dividendo,"0,36"
BONY34,"1,17541922",23/07/2021,18/08/2021,Dividendo,"0,45"
COWC34,"0,07012159",28/07/2021,19/08/2021,Dividendo,"0,13"
MSBR34,"0,48691766",28/07/2021,24/08/2021,Dividendo,"0,49"
PFIZ34,"0,34834622",28/07/2021,13/09/2021,Dividendo,"0,63"
S1LG34,"0,53934556",28/07/2021,20/08/2021,Dividendo,"0,28"
CTGP34,"0,29866708",29/07/2021,02/09/2021,Dividendo,"0,51"
R1IN34,"0,41806675",29/07/2021,19/08/2021,Dividendo,"0,23"
ITLC34,"0,20265343",04/08/2021,08/09/2021,Dividendo,"0,43"
ULEV34,"2,54228937",04/08/2021,14/09/2021,Dividendo,"0,84"
WFCO34,"0,17495259",04/08/2021,08/09/2021,Dividendo,"0,29"
AAPL34,"0,03903943",05/08/2021,18/08/2021,Dividendo,"0,05"
SBUB34,"1,54541701",10/08/2021,08/09/2021,Dividendo,"0,26"
A1ZN34,"0,37028765",11/08/2021,17/09/2021,Dividendo,"0,75"
B1PP34,"0,41672451",11/08/2021,30/09/2021,Dividendo,"1,25"
EXXO34,"0,19193446",11/08/2021,16/09/2021,Dividendo,"0,26"
LILY34,"0,10001180",11/08/2021,16/09/2021,Dividendo,"0,01"
RIOT34,"19,38676557",11/08/2021,29/09/2021,Dividendo,"4,36"
RIOT34,"9,18648704",11/08/2021,29/09/2021,Dividendo,"2,07"
SCHW34,"0,07905893",11/08/2021,02/09/2021,Dividendo,"0,08"
WALM34,"0,12281437",11/08/2021,13/09/2021,Dividendo,"0,25"
VISA34,"0,05454007",12/08/2021,13/09/2021,Dividendo,"0,09"
EQIX34,"0,12833371",16/08/2021,28/09/2021,Dividendo,"0,24"
CHVX34,"0,46409679",17/08/2021,17/09/2021,Dividendo,"0,87"
MSFT34,"0,08231217",17/08/2021,15/09/2021,Dividendo,"0,13"
RYTT34,"0,29703633",18/08/2021,16/09/2021,Dividendo,"0,38"
MMMC34,"1,30778878",19/08/2021,17/09/2021,Dividendo,"0,49"
JNJB34,"0,24467734",20/08/2021,16/09/2021,Dividendo,"0,38"
A1MT34,"0,08619789",24/08/2021,22/09/2021,Dividendo,"0,00"
A1UA34,"0,06224771",25/08/2021,24/09/2021,Dividendo,"0,29"
NEXT34,"0,34237635",25/08/2021,21/09/2021,Dividendo,"0,31"
L1MN34,"0,88245480",26/08/2021,16/09/2021,Dividendo,"1,34"
NIKE34,"0,09874160",26/08/2021,08/10/2021,Dividendo,"0,11"
ELCI34,"0,07855387",27/08/2021,21/09/2021,Dividendo,"0,01"
S1LG34,"0,53944138",27/08/2021,21/09/2021,Dividendo,"0,29"
GSGI34,"0,24526080",30/08/2021,05/10/2021,Dividendo,"0,11"
KHCB34,"0,35316436",30/08/2021,05/10/2021,Dividendo,"0,75"
MCDC34,"0,22943658",30/08/2021,21/09/2021,Dividendo,"0,37"
NVDC34,"0,00301170",30/08/2021,29/09/2021,Dividendo,"0,01"
R1IN34,"0,41885426",30/08/2021,21/09/2021,Dividendo,"0,22"
HOME34,"0,21164704",31/08/2021,22/09/2021,Dividendo,"0,35"
MOSC34,"0,04489500",31/08/2021,22/09/2021,Dividendo,"0,05"
QCOM34,"0,20479579",31/08/2021,29/09/2021,Dividendo,"0,33"
BOAC34,"0,18988998",01/09/2021,30/09/2021,Dividendo,"0,35"
PEPB34,"0,25571238",01/09/2021,11/10/2021,Dividendo,"0,47"
BLAK34,"0,22384891",02/09/2021,28/09/2021,Dividendo,"0,03"
N1EM34,"1,98772393",06/09/2021,29/09/2021,Dividendo,"0,64"
SIMN34,"1,36688381",06/09/2021,06/10/2021,Dividendo,"0,78"
N1DA34,"0,97657655",08/09/2021,30/09/2021,Dividendo,"0,18"
OXYP34,"0,00207384",08/09/2021,21/10/2021,Dividendo,"0,00"
D1VN34,"0,39037149",09/09/2021,06/10/2021,Dividendo,"0,00"
D1VN34,"0,40093948",09/09/2021,06/10/2021,Dividendo,"0,00"
UNHH34,"0,07394877",09/09/2021,27/09/2021,Dividendo,"0,12"
COCA34,"0,25143500",13/09/2021,08/10/2021,Dividendo,"0,52"
MRCK34,"0,30270376",13/09/2021,14/10/2021,Dividendo,"0,63"
TMOS34,"0,02022018",13/09/2021,21/10/2021,Dividendo,"0,03"
P1LD34,"0,19136373",15/09/2021,06/10/2021,Dividendo,"0,05"
S1BS34,"1,63971250",15/09/2021,06/10/2021,Dividendo,"4,24"
TSMC34,"0,25549521",15/09/2021,20/10/2021,Dividendo,"0,32"
AVGO34,"0,18745835",20/09/2021,06/10/2021,Dividendo,"0,25"
GEOO34,"0,30192147",23/09/2021,29/10/2021,Dividendo,"0,06"
T1OW34,"0,20375736",24/09/2021,21/10/2021,Dividendo,"0,05"
HOND34,"2,17630866",27/09/2021,14/12/2021,Dividendo,"1,28"
SNEC34,"1,04324907",27/09/2021,14/12/2021,Dividendo,"0,17"
S1LG34,"0,56610149",28/09/2021,21/10/2021,Dividendo,"0,28"
TMCO34,"0,59839779",28/09/2021,10/12/2021,Dividendo,"0,06"
B1TI34,"0,76165527",29/09/2021,22/11/2021,Dividendo,"1,91"
MUTC34,"0,01043096",29/09/2021,22/10/2021,Dividendo,"0,00"
R1IN34,"0,44048907",29/09/2021,21/10/2021,Dividendo,"0,24"
CSCO34,"0,28089898",01/10/2021,03/11/2021,Dividendo,"0,48"
CMCS34,"0,18979663",04/10/2021,03/11/2021,Dividendo,"0,31"
JPMC34,"0,38330005",04/10/2021,05/11/2021,Dividendo,"0,42"
ATTB34,"0,65245642",06/10/2021,11/11/2021,Dividendo,"1,30"
AXPB34,"0,15391169",06/10/2021,22/11/2021,Dividendo,"0,16"
MSCD34,"0,05157459",06/10/2021,16/11/2021,Dividendo,"0,08"
VERZ34,"0,40885338",06/10/2021,08/11/2021,Dividendo,"0,81"
ORCL34,"0,19662205",07/10/2021,03/11/2021,Dividendo,"0,23"
ABBV34,"0,30220364",13/10/2021,19/11/2021,Dividendo,"0,05"
FCXO34,"0,09582505",13/10/2021,08/11/2021,Dividendo,"0,05"
COLG34,"0,23423153",19/10/2021,22/11/2021,Dividendo,"0,39"
PGCO34,"0,23108285",20/10/2021,19/11/2021,Dividendo,"0,41"
CATP34,"0,25553240",21/10/2021,26/11/2021,Dividendo,"0,36"
COPH34,"0,14608379",26/10/2021,07/12/2021,Dividendo,"0,13"
COWC34,"0,07316350",27/10/2021,19/11/2021,Dividendo,"0,11"
MSBR34,"0,50588426",27/10/2021,24/11/2021,Dividendo,"0,44"
S1LG34,"0,56405687",27/10/2021,19/11/2021,Dividendo,"0,28"
BCSA34,"0,20398376",28/10/2021,11/11/2021,Dividendo,"0,93"
BONY34,"1,22857672",28/10/2021,24/11/2021,Dividendo,"0,37"
CTGP34,"0,32116514",28/10/2021,30/11/2021,Dividendo,"0,48"
R1IN34,"0,43889300",28/10/2021,19/11/2021,Dividendo,"0,21"
TEXA34,"0,27703182",28/10/2021,24/11/2021,Dividendo,"0,39"
ITLC34,"0,22071356",03/11/2021,07/12/2021,Dividendo,"0,47"
PFIZ34,"0,37199623",03/11/2021,10/12/2021,Dividendo,"0,60"
ULEV34,"2,68122743",03/11/2021,07/12/2021,Dividendo,"0,87"
WFCO34,"0,19054408",03/11/2021,07/12/2021,Dividendo,"0,26"
AAPL34,"0,04074929",04/11/2021,18/11/2021,Dividendo,"0,05"
B1PP34,"0,44439086",09/11/2021,23/12/2021,Dividendo,"1,14"
EXXO34,"0,20964313",09/11/2021,16/12/2021,Dividendo,"0,23"
VISA34,"0,06851627",09/11/2021,16/12/2021,Dividendo,"0,12"
LILY34,"0,10799797",10/11/2021,16/12/2021,Dividendo,"0,01"
SBUB34,"1,81879975",10/11/2021,07/12/2021,Dividendo,"0,29"
SCHW34,"0,08539935",10/11/2021,02/12/2021,Dividendo,"0,08"
EQIX34,"0,13821505",12/11/2021,21/12/2021,Dividendo,"0,26"
CHVX34,"0,49578817",16/11/2021,17/12/2021,Dividendo,"0,77"
MSFT34,"0,09772434",16/11/2021,15/12/2021,Dividendo,"0,13"
FDMO34,"0,38108813",17/11/2021,07/12/2021,Dividendo,"0,35"
MMMC34,"1,41292942",17/11/2021,16/12/2021,Dividendo,"0,56"
RYTT34,"0,31956041",17/11/2021,23/12/2021,Dividendo,"0,40"
JNJB34,"0,25823021",19/11/2021,16/12/2021,Dividendo,"0,43"
A1MT34,"0,09245787",23/11/2021,22/12/2021,Dividendo,"0,01"
KHCB34,"0,37780835",23/11/2021,28/12/2021,Dividendo,"0,75"
NEXT34,"0,37082080",23/11/2021,21/12/2021,Dividendo,"0,30"
L1MN34,"0,95292339",25/11/2021,16/12/2021,Dividendo,"0,00"
ELCI34,"1,15580529",26/11/2021,21/12/2021,Dividendo,"0,12"
S1LG34,"0,58425767",26/11/2021,21/12/2021,Dividendo,"0,29"
MCDC34,"0,26583520",29/11/2021,21/12/2021,Dividendo,"0,37"
R1IN34,"0,46851852",29/11/2021,06/01/2022,Dividendo,"0,24"
COCA34,"0,26256455",30/11/2021,22/12/2021,Dividendo,"0,53"
GSGI34,"0,76168929",30/11/2021,05/01/2022,Dividendo,"0,34"
HOME34,"0,22701723",30/11/2021,22/12/2021,Dividendo,"0,28"
MOSC34,"0,14446564",30/11/2021,22/12/2021,Dividendo,"0,15"
NVDC34,"0,00319293",30/11/2021,29/12/2021,Dividendo,"0,01"
QCOM34,"0,21830345",30/11/2021,22/12/2021,Dividendo,"0,25"
TLNC34,"0,60505300",30/11/2021,06/01/2022,Dividendo,"2,41"
BOAC34,"0,20160184",01/12/2021,06/01/2022,Dividendo,"0,32"
N1DA34,"1,04141219",01/12/2021,23/12/2021,Dividendo,"0,18"
PEPB34,"0,26957577",01/12/2021,18/01/2022,Dividendo,"0,44"
NIKE34,"0,16291348",02/12/2021,04/01/2022,Dividendo,"0,17"
UNHH34,"0,16007078",02/12/2021,20/12/2021,Dividendo,"0,22"
BLAK34,"0,23975977",03/12/2021,29/12/2021,Dividendo,"0,03"
N1EM34,"2,10617774",07/12/2021,04/01/2022,Dividendo,"0,68"
D1VN34,"3,19909491",08/12/2021,06/01/2022,Dividendo,"1,29"
OXYP34,"0,01867163",08/12/2021,20/01/2022,Dividendo,"0,00"
SIMN34,"1,58401429",08/12/2021,06/01/2022,Dividendo,"0,72"
WALM34,"0,13200120",08/12/2021,07/01/2022,Dividendo,"0,28"
P1LD34,"1,20961108",10/12/2021,06/01/2022,Dividendo,"0,27"
MRCK34,"0,33096967",13/12/2021,13/01/2022,Dividendo,"0,63"
S1LG34,"0,57450301",13/12/2021,10/01/2022,Dividendo,"0,28"
TMOS34,"0,02022752",13/12/2021,20/01/2022,Dividendo,"0,03"
S1LG34,"3,40147841",15/12/2021,07/02/2022,Dividendo,"1,67"
TSMC34,"0,26245683",15/12/2021,19/01/2022,Dividendo,"0,31"
GEOO34,"0,29393399",17/12/2021,31/01/2022,Dividendo,"0,06"
AVGO34,"0,44983270",20/12/2021,06/01/2022,Dividendo,"0,43"
B1TI34,"0,72673508",22/12/2021,18/02/2022,Dividendo,"1,74"
T1OW34,"1,29767277",22/12/2021,20/01/2022,Dividendo,"0,33"
COPH34,"0,18671555",29/12/2021,20/01/2022,Dividendo,"0,18"
MUTC34,"0,06197358",29/12/2021,24/01/2022,Dividendo,"0,01"
R1IN34,"0,46025379",29/12/2021,20/01/2022,Dividendo,"0,23"
CMCS34,"0,18197721",03/01/2022,01/02/2022,Dividendo,"0,32"
CSCO34,"0,26932631",03/01/2022,01/02/2022,Dividendo,"0,37"
JPMC34,"0,35717671",04/01/2022,04/02/2022,Dividendo,"0,38"
AXPB34,"0,14764481",05/01/2022,21/02/2022,Dividendo,"0,15"
MSCD34,"0,05513164",05/01/2022,16/02/2022,Dividendo,"0,08"
ORCL34,"0,19563269",05/01/2022,26/01/2022,Dividendo,"0,24"
ATTB34,"0,60531926",06/01/2022,10/02/2022,Dividendo,"1,22"
VERZ34,"0,38204191",06/01/2022,07/02/2022,Dividendo,"0,74"
ABBV34,"4,92364862",12/01/2022,21/02/2022,Dividendo,"0,64"
FCXO34,"0,26862332",12/01/2022,07/02/2022,Dividendo,"0,11"
CATP34,"0,23705685",18/01/2022,25/02/2022,Dividendo,"0,30"
PGCO34,"0,21694983",19/01/2022,21/02/2022,Dividendo,"0,34"
PFIZ34,"0,34208579",26/01/2022,10/03/2022,Dividendo,"0,46"
BONY34,"1,17012606",27/01/2022,22/02/2022,Dividendo,"0,37"
FDMO34,"0,34140938",27/01/2022,07/03/2022,Dividendo,"0,31"
MSBR34,"0,47653008",27/01/2022,24/02/2022,Dividendo,"0,44"
S1LG34,"0,54265095",27/01/2022,21/02/2022,Dividendo,"0,28"
TEXA34,"0,26710249",27/01/2022,16/02/2022,Dividendo,"0,42"
R1IN34,"0,43038314",28/01/2022,21/02/2022,Dividendo,"0,23"
COLG34,"0,22017763",31/01/2022,22/02/2022,Dividendo,"0,33"
COWC34,"0,06760470",02/02/2022,24/02/2022,Dividendo,"0,10"
WFCO34,"0,21338086",02/02/2022,07/03/2022,Dividendo,"0,29"
AAPL34,"0,07735415",03/02/2022,16/02/2022,Dividendo,"0,08"
CTGP34,"0,29518855",03/02/2022,07/03/2022,Dividendo,"0,50"
ITLC34,"0,20769068",03/02/2022,07/03/2022,Dividendo,"0,48"
EXXO34,"0,74739517",08/02/2022,16/03/2022,Dividendo,"0,69"
SBUB34,"1,63149842",09/02/2022,11/03/2022,Dividendo,"0,32"
SCHW34,"0,17364034",09/02/2022,07/03/2022,Dividendo,"0,14"
VISA34,"0,06242980",09/02/2022,11/03/2022,Dividendo,"0,10"
COPH34,"0,39262079",10/02/2022,07/03/2022,Dividendo,"0,32"
LILY34,"1,66465280",11/02/2022,16/03/2022,Dividendo,"0,27"
CHVX34,"0,47468310",14/02/2022,17/03/2022,Dividendo,"0,66"
MSFT34,"0,08776231",15/02/2022,16/03/2022,Dividendo,"0,13"
B1PP34,"0,37330020",16/02/2022,31/03/2022,Dividendo,"0,90"
MMMC34,"1,29278913",16/02/2022,17/03/2022,Dividendo,"0,63"
JNJB34,"0,23421424",17/02/2022,17/03/2022,Dividendo,"0,41"
A1MT34,"0,82400937",21/02/2022,22/03/2022,Dividendo,"0,12"
A1ZN34,"0,73792836",23/02/2022,01/04/2022,Dividendo,"1,45"
ELCI34,"1,04062453",23/02/2022,21/03/2022,Dividendo,"0,16"
MCDC34,"0,23934363",23/02/2022,21/03/2022,Dividendo,"0,38"
NEXT34,"0,37229167",23/02/2022,31/03/2022,Dividendo,"0,41"
R1IN34,"0,42752248",23/02/2022,21/03/2022,Dividendo,"0,25"
RYTT34,"0,27068316",23/02/2022,31/03/2022,Dividendo,"0,35"
S1LG34,"0,53904116",23/02/2022,21/03/2022,Dividendo,"0,28"
ULEV34,"2,26963266",23/02/2022,28/03/2022,Dividendo,"0,87"
GSGI34,"0,64047485",24/02/2022,05/04/2022,Dividendo,"0,41"
MOSC34,"0,19178405",25/02/2022,23/03/2022,Dividendo,"0,16"
NVDC34,"0,00269311",25/02/2022,30/03/2022,Dividendo,"0,01"
QCOM34,"0,18313141",25/02/2022,30/03/2022,Dividendo,"0,25"
BOAC34,"0,17010267",02/03/2022,31/03/2022,Dividendo,"0,31"
PEPB34,"0,22086412",02/03/2022,11/04/2022,Dividendo,"0,40"
BLAK34,"2,64415346",03/03/2022,29/03/2022,Dividendo,"0,42"
EQIX34,"0,12597659",03/03/2022,29/03/2022,Dividendo,"0,28"
NIKE34,"0,09536961",03/03/2022,08/04/2022,Dividendo,"0,14"
GEOO34,"0,27143959",04/03/2022,29/04/2022,Dividendo,"0,06"
L1MN34,"0,83979195",04/03/2022,24/03/2022,Dividendo,"1,59"
HOME34,"0,21929603",08/03/2022,30/03/2022,Dividendo,"0,37"
N1EM34,"1,77745172",08/03/2022,30/03/2022,Dividendo,"0,44"
OXYP34,"0,20550755",08/03/2022,22/04/2022,Dividendo,"0,14"
SIMN34,"1,31082269",08/03/2022,06/04/2022,Dividendo,"0,79"
A1UA34,"0,13470626",09/03/2022,08/04/2022,Dividendo,"0,44"
KHCB34,"0,31692708",09/03/2022,05/04/2022,Dividendo,"0,66"
N1DA34,"0,87481381",09/03/2022,31/03/2022,Dividendo,"0,21"
RIOT34,"2,83357276",09/03/2022,27/04/2022,Dividendo,"0,74"
RIOT34,"2,83357276",09/03/2022,27/04/2022,Dividendo,"0,74"
D1VN34,"3,17775261",10/03/2022,06/04/2022,Dividendo,"1,04"
UNHH34,"0,13646972",10/03/2022,28/03/2022,Dividendo,"0,19"
COCA34,"0,22823520",11/03/2022,08/04/2022,Dividendo,"0,46"
MRCK34,"0,27716740",11/03/2022,13/04/2022,Dividendo,"0,56"
TMOS34,"0,01976033",14/03/2022,22/04/2022,Dividendo,"0,03"
TSMC34,"0,21213244",15/03/2022,22/04/2022,Dividendo,"0,33"
P1LD34,"1,25521199",16/03/2022,06/04/2022,Dividendo,"0,32"
WALM34,"0,10983874",16/03/2022,08/04/2022,Dividendo,"0,24"
AVGO34,"0,37225102",18/03/2022,06/04/2022,Dividendo,"0,43"
B1TI34,"0,67074759",23/03/2022,13/05/2022,Dividendo,"1,62"
S1BS34,"0,93448146",23/03/2022,13/04/2022,Dividendo,"2,05"
HOND34,"2,05618648",28/03/2022,17/06/2022,Dividendo,"1,52"
SNEC34,"0,96385920",28/03/2022,17/06/2022,Dividendo,"0,19"
COPH34,"0,23712403",29/03/2022,22/04/2022,Dividendo,"0,20"
S1LG34,"0,49046015",29/03/2022,25/04/2022,Dividendo,"0,25"
TMCO34,"8,72075189",29/03/2022,10/06/2022,Dividendo,"0,98"
R1IN34,"0,39046346",30/03/2022,22/04/2022,Dividendo,"0,23"
CMCS34,"0,18301324",04/04/2022,03/05/2022,Dividendo,"0,41"
CSCO34,"0,25757417",04/04/2022,03/05/2022,Dividendo,"0,50"
JPMC34,"0,33929894",04/04/2022,05/05/2022,Dividendo,"0,54"
AXPB34,"0,17623874",06/04/2022,19/05/2022,Dividendo,"0,20"
MSCD34,"0,05366566",06/04/2022,16/05/2022,Dividendo,"0,10"
ORCL34,"0,16676654",06/04/2022,28/04/2022,Dividendo,"0,26"
VERZ34,"0,36191885",06/04/2022,06/05/2022,Dividendo,"0,87"
MUTC34,"0,05654982",07/04/2022,02/05/2022,Dividendo,"0,02"
T1OW34,"1,18989008",11/04/2022,05/05/2022,Dividendo,"0,38"
ABBV34,"4,73738091",12/04/2022,20/05/2022,Dividendo,"0,61"
ATTB34,"0,30516816",12/04/2022,11/05/2022,Dividendo,"0,99"
ATVI34,"1,63199682",12/04/2022,12/05/2022,Dividendo,"0,43"
FCXO34,"0,50894832",12/04/2022,06/05/2022,Dividendo,"0,22"
E1CO34,"3,46757266",18/04/2022,04/05/2022,Dividendo,"7,84"
B1SA34,"2,08154326",19/04/2022,11/05/2022,Dividendo,"0,00"
COLG34,"0,22636076",19/04/2022,20/05/2022,Dividendo,"0,42"
PGCO34,"0,21918187",19/04/2022,20/05/2022,Dividendo,"0,42"
CATP34,"0,22473982",20/04/2022,27/05/2022,Dividendo,"0,33"
FDMO34,"0,32382923",22/04/2022,07/06/2022,Dividendo,"0,44"
BONY34,"1,13746597",26/04/2022,20/05/2022,Dividendo,"0,52"
BCSA34,"0,17979248",27/04/2022,16/05/2022,Dividendo,"1,19"
COWC34,"0,07710172",27/04/2022,19/05/2022,Dividendo,"0,11"
MSBR34,"0,45918654",27/04/2022,24/05/2022,Dividendo,"0,55"
S1LG34,"0,52212253",27/04/2022,20/05/2022,Dividendo,"0,28"
CTGP34,"0,27144288",28/04/2022,02/06/2022,Dividendo,"0,66"
R1IN34,"0,42320212",28/04/2022,19/05/2022,Dividendo,"0,24"
ITLC34,"0,19699611",04/05/2022,07/06/2022,Dividendo,"0,52"
WALM34,"0,11307033",04/05/2022,06/06/2022,Dividendo,"0,24"
WFCO34,"0,20239326",04/05/2022,07/06/2022,Dividendo,"0,36"
AAPL34,"0,07945139",05/05/2022,18/05/2022,Dividendo,"0,10"
TEXA34,"0,25145929",05/05/2022,26/05/2022,Dividendo,"0,44"
C1SU34,"0,08292128",06/05/2022,29/06/2022,Dividendo,"0,49"
C1SU34,"0,11769366",06/05/2022,27/05/2022,Amortização,"0,69"
B1PP34,"0,40687378",11/05/2022,30/06/2022,Dividendo,"1,05"
EXXO34,"0,75889837",11/05/2022,17/06/2022,Dividendo,"0,67"
PFIZ34,"0,34495380",11/05/2022,17/06/2022,Dividendo,"0,54"
SBUB34,"1,54190599",11/05/2022,07/06/2022,Dividendo,"0,43"
SCHW34,"0,15967228",11/05/2022,02/06/2022,Dividendo,"0,19"
VISA34,"0,05953563",11/05/2022,10/06/2022,Dividendo,"0,12"
ARMT34,"0,79585754",12/05/2022,17/06/2022,Dividendo,"1,16"
LILY34,"1,69027350",12/05/2022,17/06/2022,Dividendo,"0,23"
COPH34,"0,37240353",13/05/2022,07/06/2022,Dividendo,"0,29"
EQIX34,"0,13440089",16/05/2022,22/06/2022,Dividendo,"0,32"
CHVX34,"0,46047836",17/05/2022,17/06/2022,Dividendo,"0,53"
MSFT34,"0,08707558",17/05/2022,15/06/2022,Dividendo,"0,16"
JDCO34,"6,12450975",18/05/2022,20/06/2022,Dividendo,"2,38"
MMMC34,"1,28999235",18/05/2022,17/06/2022,Dividendo,"0,68"
RYTT34,"0,31152793",18/05/2022,24/06/2022,Dividendo,"0,40"
ULEV34,"2,23217002",18/05/2022,22/06/2022,Dividendo,"1,00"
JNJB34,"0,24192079",20/05/2022,17/06/2022,Dividendo,"0,43"
A1MT34,"0,90178682",24/05/2022,22/06/2022,Dividendo,"0,17"
KHCB34,"0,34617527",25/05/2022,05/07/2022,Dividendo,"0,72"
ELCI34,"1,04052302",26/05/2022,22/06/2022,Dividendo,"0,18"
L1MN34,"0,86238455",26/05/2022,17/06/2022,Dividendo,"1,46"
NEXT34,"0,36851863",26/05/2022,22/06/2022,Dividendo,"0,40"
S1LG34,"0,53899070",26/05/2022,22/06/2022,Dividendo,"0,36"
GSGI34,"0,70853621",30/05/2022,05/07/2022,Dividendo,"0,46"
R1IN34,"0,42833333",30/05/2022,07/07/2022,Dividendo,"0,24"
HOME34,"0,23535640",31/05/2022,22/06/2022,Dividendo,"0,46"
MOSC34,"0,26013073",31/05/2022,22/06/2022,Dividendo,"0,17"
N1EM34,"1,90762570",31/05/2022,22/06/2022,Dividendo,"0,58"
QCOM34,"0,22122303",31/05/2022,29/06/2022,Dividendo,"0,40"
TLNC34,"0,50723412",31/05/2022,01/07/2022,Dividendo,"1,97"
B1NT34,"0,96327214",01/06/2022,23/06/2022,Dividendo,"1,00"
BOAC34,"0,18540126",01/06/2022,30/06/2022,Dividendo,"0,42"
PEPB34,"0,26928644",01/06/2022,11/07/2022,Dividendo,"0,51"
BLAK34,"2,87884970",02/06/2022,29/06/2022,Dividendo,"0,53"
MCDC34,"0,24037976",02/06/2022,24/06/2022,Dividendo,"0,40"
NIKE34,"0,15312827",02/06/2022,08/07/2022,Dividendo,"0,26"
NVDC34,"0,00303786",07/06/2022,07/07/2022,Dividendo,"0,02"
SIMN34,"1,52754529",07/06/2022,06/07/2022,Dividendo,"1,12"
N1DA34,"1,05943569",08/06/2022,30/06/2022,Dividendo,"0,28"
OXYP34,"0,23596792",08/06/2022,21/07/2022,Dividendo,"0,14"
D1VN34,"4,56466490",09/06/2022,06/07/2022,Dividendo,"1,17"
COCA34,"0,36887128",13/06/2022,08/07/2022,Dividendo,"0,71"
MRCK34,"0,31195627",13/06/2022,14/07/2022,Dividendo,"0,58"
P1LD34,"1,41971854",13/06/2022,06/07/2022,Dividendo,"0,00"
TMOS34,"0,02268924",13/06/2022,21/07/2022,Dividendo,"0,04"
T1OW34,"1,29303605",14/06/2022,14/07/2022,Dividendo,"0,42"
TSMC34,"0,23788085",14/06/2022,20/07/2022,Dividendo,"0,43"
UNHH34,"0,16665495",15/06/2022,04/07/2022,Dividendo,"0,25"
AVGO34,"0,42103770",20/06/2022,06/07/2022,Dividendo,"0,00"
COPH34,"0,63529856",24/06/2022,21/07/2022,Dividendo,"0,55"
GEOO34,"0,29005953",24/06/2022,29/07/2022,Dividendo,"0,08"
E1CO34,"2,06292054",27/06/2022,14/07/2022,Dividendo,"7,21"
S1LG34,"0,56414817",28/06/2022,21/07/2022,Dividendo,"0,44"
AXPB34,"0,17572200",29/06/2022,19/08/2022,Dividendo,"0,24"
R1IN34,"0,44924646",29/06/2022,21/07/2022,Dividendo,"0,25"
CMCS34,"0,19046099",04/07/2022,02/08/2022,Dividendo,"0,45"
CSCO34,"0,26805622",04/07/2022,02/08/2022,Dividendo,"0,58"
JPMC34,"0,35392313",04/07/2022,04/08/2022,Dividendo,"0,59"
B1TI34,"0,64148344",06/07/2022,26/08/2022,Dividendo,"1,42"
MSCD34,"0,07674002",06/07/2022,16/08/2022,Dividendo,"0,14"
VERZ34,"0,37751802",06/07/2022,05/08/2022,Dividendo,"0,80"
ATTB34,"0,32355183",07/07/2022,10/08/2022,Dividendo,"0,85"
MUTC34,"0,06880116",07/07/2022,01/08/2022,Dividendo,"0,02"
ORCL34,"0,27129847",08/07/2022,02/08/2022,Dividendo,"0,42"
ABBV34,"4,89598984",13/07/2022,19/08/2022,Dividendo,"0,60"
FCXO34,"0,53088471",13/07/2022,05/08/2022,Dividendo,"0,37"
COLG34,"0,32311783",19/07/2022,22/08/2022,Dividendo,"0,55"
PGCO34,"0,22652016",20/07/2022,19/08/2022,Dividendo,"0,41"
BONY34,"1,24935139",21/07/2022,16/08/2022,Dividendo,"0,52"
COWC34,"0,07749590",27/07/2022,18/08/2022,Dividendo,"0,11"
MSBR34,"0,52697094",27/07/2022,24/08/2022,Dividendo,"0,61"
PFIZ34,"0,35274616",27/07/2022,13/09/2022,Dividendo,"0,52"
S1LG34,"0,53960192",27/07/2022,19/08/2022,Dividendo,"0,42"
CTGP34,"0,28990471",28/07/2022,01/09/2022,Dividendo,"0,63"
R1IN34,"0,42970199",28/07/2022,19/08/2022,Dividendo,"0,22"
TEXA34,"0,26047437",28/07/2022,25/08/2022,Dividendo,"0,43"
CATP34,"0,36859525",03/08/2022,26/08/2022,Dividendo,"0,61"
ITLC34,"0,21488765",03/08/2022,08/09/2022,Dividendo,"0,68"
ULEV34,"2,15185099",03/08/2022,08/09/2022,Dividendo,"0,84"
WFCO34,"0,26315436",03/08/2022,08/09/2022,Dividendo,"0,45"
AAPL34,"0,07937049",04/08/2022,17/08/2022,Dividendo,"0,09"
FDMO34,"0,52630853",09/08/2022,08/09/2022,Dividendo,"0,67"
A1ZN34,"0,37949638",10/08/2022,16/09/2022,Dividendo,"0,68"
B1PP34,"0,45964400",10/08/2022,29/09/2022,Dividendo,"1,18"
EXXO34,"0,76157698",10/08/2022,15/09/2022,Dividendo,"0,66"
RIOT34,"13,45581853",10/08/2022,28/09/2022,Dividendo,"4,31"
SBUB34,"1,69333754",10/08/2022,06/09/2022,Dividendo,"0,38"
SCHW34,"0,18758539",10/08/2022,01/09/2022,Dividendo,"0,21"
VISA34,"0,06431784",10/08/2022,13/09/2022,Dividendo,"0,12"
WALM34,"0,12346115",10/08/2022,13/09/2022,Dividendo,"0,30"
LILY34,"1,69623924",11/08/2022,15/09/2022,Dividendo,"0,22"
COPH34,"0,40350335",12/08/2022,08/09/2022,Dividendo,"0,31"
EQIX34,"0,13543624",15/08/2022,27/09/2022,Dividendo,"0,30"
MSFT34,"0,09021394",16/08/2022,14/09/2022,Dividendo,"0,14"
CHVX34,"0,68806339",17/08/2022,19/09/2022,Dividendo,"0,84"
MMMC34,"1,30488365",18/08/2022,16/09/2022,Dividendo,"0,69"
JNJB34,"0,25836491",19/08/2022,16/09/2022,Dividendo,"0,44"
A1MT34,"0,92992680",23/08/2022,21/09/2022,Dividendo,"0,18"
A1UA34,"0,28466149",24/08/2022,23/09/2022,Dividendo,"1,48"
KHCB34,"0,35316430",24/08/2022,04/10/2022,Dividendo,"0,71"
RYTT34,"0,45111257",25/08/2022,15/09/2022,Dividendo,"0,56"
L1MN34,"0,86542720",26/08/2022,15/09/2022,Dividendo,"1,56"
NEXT34,"0,38001767",26/08/2022,21/09/2022,Dividendo,"0,34"
ELCI34,"1,07299118",29/08/2022,21/09/2022,Dividendo,"0,16"
GMCO34,"0,08047430",29/08/2022,21/09/2022,Dividendo,"0,16"
S1LG34,"0,55580966",29/08/2022,21/09/2022,Dividendo,"0,49"
GSGI34,"0,91418135",30/08/2022,05/10/2022,Dividendo,"0,54"
HOME34,"0,24270039",30/08/2022,21/09/2022,Dividendo,"0,45"
MCDC34,"0,24438430",30/08/2022,22/09/2022,Dividendo,"0,38"
MOSC34,"0,26824780",30/08/2022,21/09/2022,Dividendo,"0,18"
QCOM34,"0,22089756",30/08/2022,28/09/2022,Dividendo,"0,39"
R1IN34,"0,44260777",30/08/2022,21/09/2022,Dividendo,"0,25"
BOAC34,"0,19335190",31/08/2022,06/10/2022,Dividendo,"0,44"
PEPB34,"0,26451220",31/08/2022,11/10/2022,Dividendo,"0,44"
NIKE34,"0,14908718",01/09/2022,10/10/2022,Dividendo,"0,27"
BLAK34,"2,94563850",02/09/2022,29/09/2022,Dividendo,"0,51"
N1EM34,"1,94389856",05/09/2022,28/09/2022,Dividendo,"0,00"
NVDC34,"0,00304727",05/09/2022,05/10/2022,Dividendo,"0,02"
SIMN34,"1,53802601",06/09/2022,06/10/2022,Dividendo,"1,15"
D1VN34,"5,44900748",08/09/2022,06/10/2022,Dividendo,"1,49"
OXYP34,"0,23166803",08/09/2022,21/10/2022,Dividendo,"0,14"
UNHH34,"0,16481819",08/09/2022,26/09/2022,Dividendo,"0,21"
MRCK34,"0,30373599",13/09/2022,14/10/2022,Dividendo,"0,55"
P1LD34,"1,38861807",13/09/2022,06/10/2022,Dividendo,"0,42"
TMOS34,"0,02228254",13/09/2022,20/10/2022,Dividendo,"0,04"
COCA34,"0,35846099",14/09/2022,10/10/2022,Dividendo,"0,68"
N1DA34,"0,35154876",14/09/2022,06/10/2022,Dividendo,"0,22"
S1BS34,"0,64893093",14/09/2022,05/10/2022,Dividendo,"2,51"
TSMC34,"0,21918900",14/09/2022,19/10/2022,Dividendo,"0,42"
AVGO34,"0,41181443",20/09/2022,06/10/2022,Dividendo,"0,57"
GEOO34,"0,28811118",23/09/2022,31/10/2022,Dividendo,"0,09"
COPH34,"1,24782205",27/09/2022,20/10/2022,Dividendo,"0,92"
HOND34,"1,78275212",27/09/2022,16/12/2022,Dividendo,"1,44"
B1TI34,"0,64827043",28/09/2022,21/11/2022,Dividendo,"1,64"
S1LG34,"0,55386364",28/09/2022,21/10/2022,Dividendo,"0,49"
SNEC34,"0,95540035",28/09/2022,14/12/2022,Dividendo,"0,27"
TMCO34,"7,52277350",28/09/2022,13/12/2022,Dividendo,"1,03"
R1IN34,"0,44208579",29/09/2022,20/10/2022,Dividendo,"0,28"
CMCS34,"0,19358038",03/10/2022,01/11/2022,Dividendo,"0,61"
CSCO34,"0,27244648",03/10/2022,01/11/2022,Dividendo,"0,64"
JPMC34,"0,34813974",04/10/2022,07/11/2022,Dividendo,"0,60"
ATTB34,"0,31572652",05/10/2022,11/11/2022,Dividendo,"1,14"
MSCD34,"0,07741318",05/10/2022,16/11/2022,Dividendo,"0,15"
VERZ34,"0,37768247",05/10/2022,08/11/2022,Dividendo,"1,11"
MUTC34,"0,06870910",06/10/2022,01/11/2022,Dividendo,"0,02"
T1OW34,"1,31742217",07/10/2022,01/11/2022,Dividendo,"0,50"
ORCL34,"0,26842144",10/10/2022,01/11/2022,Dividendo,"0,49"
ABBV34,"5,07376976",11/10/2022,21/11/2022,Dividendo,"0,70"
AXPB34,"0,18293589",11/10/2022,23/11/2022,Dividendo,"0,25"
FCXO34,"0,52094129",11/10/2022,08/11/2022,Dividendo,"0,34"
COLG34,"0,33995681",19/10/2022,22/11/2022,Dividendo,"0,62"
PGCO34,"0,23474537",19/10/2022,21/11/2022,Dividendo,"0,48"
CATP34,"0,37835489",20/10/2022,25/11/2022,Dividendo,"0,64"
BONY34,"1,30165822",25/10/2022,22/11/2022,Dividendo,"0,59"
COWC34,"0,08067371",26/10/2022,17/11/2022,Dividendo,"0,12"
MSBR34,"0,54634711",27/10/2022,24/11/2022,Dividendo,"0,63"
S1LG34,"0,55919205",27/10/2022,21/11/2022,Dividendo,"0,53"
TEXA34,"0,29138505",27/10/2022,24/11/2022,Dividendo,"0,49"
BCSA34,"0,19552616",28/10/2022,11/11/2022,Dividendo,"1,40"
R1IN34,"0,44620381",28/10/2022,21/11/2022,Dividendo,"0,27"
PFIZ34,"0,35437633",01/11/2022,09/12/2022,Dividendo,"0,58"
WFCO34,"0,26364137",01/11/2022,07/12/2022,Dividendo,"0,44"
AAPL34,"0,08246647",03/11/2022,17/11/2022,Dividendo,"0,12"
CTGP34,"0,30761339",03/11/2022,29/11/2022,Dividendo,"0,78"
ITLC34,"0,21384245",03/11/2022,07/12/2022,Dividendo,"0,91"
SBUB34,"1,88809715",08/11/2022,06/12/2022,Dividendo,"0,39"
SCHW34,"0,20011544",08/11/2022,01/12/2022,Dividendo,"0,20"
VISA34,"0,07788943",08/11/2022,12/12/2022,Dividendo,"0,15"
B1PP34,"0,45631305",09/11/2022,22/12/2022,Dividendo,"1,07"
COPH34,"0,44819041",10/11/2022,07/12/2022,Dividendo,"0,27"
EXXO34,"0,82143478",10/11/2022,21/12/2022,Dividendo,"0,56"
FDMO34,"0,52728260",10/11/2022,07/12/2022,Dividendo,"0,72"
LILY34,"1,75865129",10/11/2022,15/12/2022,Dividendo,"0,18"
EQIX34,"0,13938366",11/11/2022,20/12/2022,Dividendo,"0,31"
MSFT34,"0,10040663",14/11/2022,14/12/2022,Dividendo,"0,19"
CHVX34,"0,70086684",16/11/2022,19/12/2022,Dividendo,"0,70"
MMMC34,"1,32693058",16/11/2022,16/12/2022,Dividendo,"0,73"
RYTT34,"0,46065533",16/11/2022,22/12/2022,Dividendo,"0,54"
ULEV34,"2,13345407",16/11/2022,15/12/2022,Dividendo,"0,82"
JNJB34,"0,26011164",18/11/2022,15/12/2022,Dividendo,"0,41"
KHCB34,"0,35296556",22/11/2022,10/01/2023,Dividendo,"0,67"
A1MT34,"0,92859081",23/11/2022,21/12/2022,Dividendo,"0,16"
NEXT34,"0,37947138",23/11/2022,21/12/2022,Dividendo,"0,34"
ELCI34,"0,09821614",28/11/2022,21/12/2022,Dividendo,"0,00"
S1LG34,"0,55501070",28/11/2022,21/12/2022,Dividendo,"0,50"
COCA34,"0,36520387",29/11/2022,22/12/2022,Dividendo,"0,67"
GSGI34,"0,30299661",29/11/2022,04/01/2023,Dividendo,"0,45"
HOME34,"0,24235154",29/11/2022,21/12/2022,Dividendo,"0,38"
MCDC34,"0,27143373",29/11/2022,21/12/2022,Dividendo,"0,37"
MOSC34,"0,08928735",29/11/2022,21/12/2022,Dividendo,"0,19"
NVDC34,"0,00289953",29/11/2022,28/12/2022,Dividendo,"0,02"
QCOM34,"0,22321847",29/11/2022,21/12/2022,Dividendo,"0,43"
R1IN34,"0,44286485",29/11/2022,21/12/2022,Dividendo,"0,27"
BOAC34,"0,19997777",30/11/2022,05/01/2023,Dividendo,"0,41"
GMCO34,"0,08035867",30/11/2022,21/12/2022,Dividendo,"0,15"
N1DA34,"0,35954435",30/11/2022,22/12/2022,Dividendo,"0,21"
PEPB34,"0,26744278",30/11/2022,17/01/2023,Dividendo,"0,42"
NIKE34,"0,16925239",01/12/2022,04/01/2023,Dividendo,"0,29"
UNHH34,"0,08514192",01/12/2022,19/12/2022,Dividendo,"0,21"
C1SU34,"0,24039049",02/12/2022,23/12/2022,Amortização,"2,73"
BLAK34,"0,26420430",05/12/2022,29/12/2022,Dividendo,"0,47"
N1EM34,"1,99977763",06/12/2022,04/01/2023,Dividendo,"0,82"
SIMN34,"1,63618179",07/12/2022,05/01/2023,Dividendo,"1,04"
WALM34,"0,12891579",07/12/2022,09/01/2023,Dividendo,"0,27"
D1VN34,"4,90854346",08/12/2022,05/01/2023,Dividendo,"1,46"
OXYP34,"0,07460218",08/12/2022,23/01/2023,Dividendo,"0,14"
TLNC34,"0,56741640",12/12/2022,09/01/2023,Dividendo,"2,94"
TLNC34,"0,60408454",12/12/2022,09/01/2023,Dividendo,"3,13"
GEOO34,"0,27568196",13/12/2022,31/01/2023,Dividendo,"0,06"
MRCK34,"0,32336224",13/12/2022,13/01/2023,Dividendo,"0,44"
TMOS34,"0,02151988",13/12/2022,23/01/2023,Dividendo,"0,03"
TSMC34,"0,21828003",14/12/2022,18/01/2023,Dividendo,"0,40"
P1LD34,"0,23936737",15/12/2022,05/01/2023,Dividendo,"0,45"
AVGO34,"0,23893447",16/12/2022,05/01/2023,Dividendo,"0,57"
B1TI34,"0,66787384",21/12/2022,10/02/2023,Dividendo,"1,58"
COPH34,"0,20201221",22/12/2022,19/01/2023,Dividendo,"0,41"
T1OW34,"0,22433862",26/12/2022,08/02/2023,Dividendo,"0,46"
S1LG34,"0,46620764",27/12/2022,23/01/2023,Dividendo,"0,47"
MUTC34,"0,06739057",29/12/2022,25/01/2023,Dividendo,"0,15"
R1IN34,"0,43028594",29/12/2022,19/01/2023,Dividendo,"0,25"
CMCS34,"0,18608513",02/01/2023,31/01/2023,Dividendo,"0,50"
CSCO34,"0,26189755",03/01/2023,31/01/2023,Dividendo,"0,49"
AXPB34,"0,17778928",04/01/2023,23/02/2023,Dividendo,"0,22"
JPMC34,"0,34304630",04/01/2023,06/02/2023,Dividendo,"0,47"
MSCD34,"0,08056578",05/01/2023,16/02/2023,Dividendo,"0,13"
ATTB34,"0,31075681",06/01/2023,10/02/2023,Dividendo,"0,91"
ORCL34,"0,26095127",06/01/2023,31/01/2023,Dividendo,"0,35"
VERZ34,"0,36703825",06/01/2023,07/02/2023,Dividendo,"0,99"
ABBV34,"0,32802336",11/01/2023,23/02/2023,Dividendo,"0,60"
FCXO34,"0,16875317",11/01/2023,07/02/2023,Dividendo,"0,21"
CATP34,"0,36625293",18/01/2023,23/02/2023,Dividendo,"0,44"
PGCO34,"0,23133877",18/01/2023,23/02/2023,Dividendo,"0,42"
BONY34,"1,26871512",19/01/2023,14/02/2023,Dividendo,"0,50"
COLG34,"0,32724814",19/01/2023,23/02/2023,Dividendo,"0,58"
PFIZ34,"0,36028217",24/01/2023,09/03/2023,Dividendo,"0,62"
MSBR34,"0,53877956",27/01/2023,28/02/2023,Dividendo,"0,55"
S1LG34,"0,48015416",27/01/2023,23/02/2023,Dividendo,"0,48"
TEXA34,"0,28202607",27/01/2023,27/02/2023,Dividendo,"0,46"
R1IN34,"0,44061515",30/01/2023,23/02/2023,Dividendo,"0,26"
COWC34,"0,07872106",01/02/2023,27/02/2023,Dividendo,"0,12"
WFCO34,"0,26417914",01/02/2023,07/03/2023,Dividendo,"0,44"
CTGP34,"0,29871309",02/02/2023,02/03/2023,Dividendo,"0,68"
ITLC34,"0,21427864",03/02/2023,07/03/2023,Dividendo,"0,83"
SBUB34,"1,81850760",08/02/2023,07/03/2023,Dividendo,"0,33"
SCHW34,"0,10982096",08/02/2023,02/03/2023,Dividendo,"0,21"
VISA34,"0,07750935",08/02/2023,10/03/2023,Dividendo,"0,13"
AAPL34,"0,04045457",09/02/2023,24/02/2023,Dividendo,"0,10"
FDMO34,"0,50631022",09/02/2023,07/03/2023,Dividendo,"0,68"
FDMO34,"2,28955227",09/02/2023,07/03/2023,Dividendo,"3,09"
COPH34,"0,14970149",10/02/2023,07/03/2023,Dividendo,"0,29"
EXXO34,"0,40313386",10/02/2023,16/03/2023,Dividendo,"0,52"
LILY34,"0,13349192",13/02/2023,16/03/2023,Dividendo,"0,21"
CHVX34,"0,73778409",14/02/2023,17/03/2023,Dividendo,"0,82"
MSFT34,"0,09930655",14/02/2023,15/03/2023,Dividendo,"0,17"
B1PP34,"0,47898007",15/02/2023,06/04/2023,Dividendo,"0,91"
MMMC34,"1,32804883",15/02/2023,16/03/2023,Dividendo,"0,89"
JNJB34,"0,25856952",16/02/2023,16/03/2023,Dividendo,"0,47"
A1MT34,"0,09263562",17/02/2023,22/03/2023,Dividendo,"0,00"
A1ZN34,"0,80391776",22/02/2023,31/03/2023,Dividendo,"1,36"
RYTT34,"0,45622658",22/02/2023,30/03/2023,Dividendo,"0,53"
ULEV34,"2,29875657",22/02/2023,27/03/2023,Dividendo,"0,87"
ELCI34,"0,09837612",24/02/2023,21/03/2023,Dividendo,"0,19"
NEXT34,"0,41809846",24/02/2023,21/03/2023,Dividendo,"0,44"
S1LG34,"0,48436825",24/02/2023,21/03/2023,Dividendo,"0,53"
MCDC34,"0,27187585",27/02/2023,21/03/2023,Dividendo,"0,40"
R1IN34,"0,46347403",27/02/2023,10/04/2023,Dividendo,"0,27"
GSGI34,"0,28633977",28/02/2023,05/04/2023,Dividendo,"0,47"
MOSC34,"0,11876354",28/02/2023,22/03/2023,Dividendo,"0,26"
QCOM34,"0,22370471",28/02/2023,29/03/2023,Dividendo,"0,41"
BOAC34,"0,18836296",01/03/2023,06/04/2023,Dividendo,"0,42"
GMCO34,"0,08016535",01/03/2023,22/03/2023,Dividendo,"0,15"
PEPB34,"0,25709694",01/03/2023,12/04/2023,Dividendo,"0,44"
NIKE34,"0,11130516",02/03/2023,10/04/2023,Dividendo,"0,18"
BLAK34,"0,27115723",03/03/2023,29/03/2023,Dividendo,"0,50"
EQIX34,"0,15173338",03/03/2023,28/03/2023,Dividendo,"0,33"
GEOO34,"0,27115723",03/03/2023,29/03/2023,Dividendo,"0,06"
NVDC34,"0,00288831",06/03/2023,04/04/2023,Dividendo,"0,01"
HOME34,"0,26716736",07/03/2023,29/03/2023,Dividendo,"0,49"
N1EM34,"1,43171019",07/03/2023,29/03/2023,Dividendo,"0,65"
KHCB34,"0,33534383",08/03/2023,12/04/2023,Dividendo,"0,64"
OXYP34,"0,10079938",08/03/2023,24/04/2023,Dividendo,"0,19"
RIOT34,"10,97465102",08/03/2023,27/04/2023,Dividendo,"3,04"
SIMN34,"1,54115140",08/03/2023,06/04/2023,Dividendo,"0,98"
UNHH34,"0,08393335",09/03/2023,27/03/2023,Dividendo,"0,24"
D1VN34,"3,04805628",13/03/2023,06/04/2023,Dividendo,"1,14"
MOSC34,"0,14316988",13/03/2023,05/04/2023,Dividendo,"0,33"
MRCK34,"0,30936957",13/03/2023,14/04/2023,Dividendo,"0,45"
TMOS34,"0,02437310",13/03/2023,20/04/2023,Dividendo,"0,04"
A1UA34,"0,17489402",15/03/2023,14/04/2023,Dividendo,"0,67"
COCA34,"0,24829659",15/03/2023,06/04/2023,Dividendo,"0,47"
N1DA34,"0,34247808",15/03/2023,06/04/2023,Dividendo,"0,25"
P1LD34,"0,24829659",15/03/2023,06/04/2023,Dividendo,"0,46"
TSMC34,"0,21284653",15/03/2023,19/04/2023,Dividendo,"0,37"
WALM34,"0,12230905",15/03/2023,10/04/2023,Dividendo,"0,27"
AVGO34,"0,22505705",20/03/2023,06/04/2023,Dividendo,"0,46"
B1TI34,"0,69466428",22/03/2023,12/05/2023,Dividendo,"1,83"
S1BS34,"0,52312308",22/03/2023,13/04/2023,Dividendo,"2,34"
COPH34,"0,16712980",27/03/2023,20/04/2023,Dividendo,"0,38"
HOND34,"1,78344554",28/03/2023,19/06/2023,Dividendo,"1,34"
S1LG34,"0,45494205",29/03/2023,24/04/2023,Dividendo,"0,79"
SNEC34,"1,09689275",29/03/2023,19/04/2023,Dividendo,"0,24"
TMCO34,"0,46836151",29/03/2023,-,Dividendo,"1,04"
R1IN34,"0,42618121",30/03/2023,20/04/2023,Dividendo,"0,27"
CMCS34,"0,19672668",03/04/2023,03/05/2023,Dividendo,"0,51"
CSCO34,"0,26456346",03/04/2023,03/05/2023,Dividendo,"0,50"
AXPB34,"0,19735071",04/04/2023,19/05/2023,Dividendo,"0,24"
JDCO34,"0,48017109",04/04/2023,10/05/2023,Dividendo,"1,38"
JPMC34,"0,34042856",04/04/2023,05/05/2023,Dividendo,"0,52"
MSCD34,"0,05970958",04/04/2023,16/05/2023,Dividendo,"0,10"
ATTB34,"0,30792575",05/04/2023,10/05/2023,Dividendo,"0,91"
MUTC34,"0,06557424",05/04/2023,02/05/2023,Dividendo,"0,14"
VERZ34,"0,37021605",05/04/2023,05/05/2023,Dividendo,"1,10"
C1SU34,"0,13897231",06/04/2023,28/04/2023,Dividendo,"6,23"
ORCL34,"0,21763645",06/04/2023,02/05/2023,Dividendo,"0,28"
ABBV34,"0,30731932",12/04/2023,19/05/2023,Dividendo,"0,60"
FCXO34,"0,08510704",12/04/2023,05/05/2023,Dividendo,"0,13"
T1OW34,"0,22127858",12/04/2023,05/05/2023,Dividendo,"0,51"
B1SA34,"2,29866031",18/04/2023,09/05/2023,Dividendo,"4,90"
PGCO34,"0,22323962",18/04/2023,19/05/2023,Dividendo,"0,41"
CATP34,"0,24267805",19/04/2023,26/05/2023,Dividendo,"0,34"
COLG34,"0,21792531",19/04/2023,22/05/2023,Dividendo,"0,40"
E1CO34,"0,35906437",24/04/2023,10/05/2023,Dividendo,"1,26"
E1CO34,"0,35906437",24/04/2023,10/05/2023,Dividendo,"1,26"
FDMO34,"0,51424459",24/04/2023,07/06/2023,Dividendo,"0,82"
FDMO34,"0,51424459",24/04/2023,07/06/2023,Dividendo,"0,82"
BCSA34,"0,21732079",26/04/2023,11/05/2023,Dividendo,"1,20"
BONY34,"1,20412714",26/04/2023,22/05/2023,Dividendo,"0,56"
CTGP34,"0,29185958",26/04/2023,01/06/2023,Dividendo,"0,74"
R1IN34,"0,42360266",26/04/2023,19/05/2023,Dividendo,"0,28"
S1LG34,"0,44984874",26/04/2023,19/05/2023,Dividendo,"0,77"
MSBR34,"0,50674224",27/04/2023,24/05/2023,Dividendo,"0,56"
COWC34,"0,08568295",03/05/2023,25/05/2023,Dividendo,"0,14"
ITLC34,"0,07289832",03/05/2023,07/06/2023,Dividendo,"0,29"
WALM34,"0,12465614",03/05/2023,05/06/2023,Dividendo,"0,27"
WFCO34,"0,25676727",03/05/2023,07/06/2023,Dividendo,"0,53"
TEXA34,"0,27026249",04/05/2023,25/05/2023,Dividendo,"0,50"
B1PP34,"0,47617046",10/05/2023,29/06/2023,Dividendo,"1,05"
PFIZ34,"0,35072114",10/05/2023,15/06/2023,Dividendo,"0,74"
SBUB34,"1,77103743",10/05/2023,07/06/2023,Dividendo,"0,33"
SCHW34,"0,10692713",10/05/2023,01/06/2023,Dividendo,"0,36"
VISA34,"0,07543299",10/05/2023,13/06/2023,Dividendo,"0,13"
AAPL34,"0,04046587",11/05/2023,24/05/2023,Dividendo,"0,09"
LILY34,"0,12741022",11/05/2023,15/06/2023,Dividendo,"0,18"
COPH34,"0,14404391",12/05/2023,07/06/2023,Dividendo,"0,35"
EXXO34,"0,38476761",12/05/2023,15/06/2023,Dividendo,"0,59"
MSFT34,"0,10153929",16/05/2023,14/06/2023,Dividendo,"0,16"
CHVX34,"0,48895359",17/05/2023,19/06/2023,Dividendo,"0,64"
MMMC34,"1,26846468",17/05/2023,16/06/2023,Dividendo,"1,03"
RYTT34,"0,32215751",17/05/2023,22/06/2023,Dividendo,"0,41"
ULEV34,"2,27861948",17/05/2023,21/06/2023,Dividendo,"0,86"
ARMT34,"0,47054450",19/05/2023,21/06/2023,Dividendo,"0,70"
JNJB34,"0,26105711",19/05/2023,16/06/2023,Dividendo,"0,49"
EQIX34,"0,14481649",22/05/2023,27/06/2023,Dividendo,"0,32"
A1MT34,"0,11342210",23/05/2023,21/06/2023,Dividendo,"0,18"
NEXT34,"0,39416018",25/05/2023,21/06/2023,Dividendo,"0,42"
