,ticks
0,a1ap34
1,a1bb34
2,a1bm34
3,a1cr34
4,a1di34
5,a1dm34
6,a1ee34
7,a1eg34
8,a1en34
9,a1ep34
10,a1es34
11,a1fl34
12,a1gi34
13,a1gn34
14,a1iv34
15,a1jg34
16,a1ka34
17,a1lb34
18,a1lg34
19,a1lk34
20,a1ll34
21,a1ln34
22,a1lx34
23,a1mb34
24,a1md34
25,a1me34
26,a1mp34
27,a1mt34
28,a1mx34
29,a1ne34
30,a1ns34
31,a1nt34
32,a1on34
33,a1os34
34,a1pa34
35,a1pd34
36,a1ph34
37,a1re34
38,a1rg34
39,a1sn34
40,a1su34
41,a1th34
42,a1tm34
43,a1tt34
44,a1ua34
45,a1ut34
46,a1vb34
47,a1vy34
48,a1wk34
49,a1yx34
50,a1zn34
51,aall34
52,aapl34
53,abbv34
54,abtt34
55,abud34
56,acnb34
57,adbe34
58,adpr34
59,aigb34
60,amgn34
61,amzo34
62,aptv34
63,armt34
64,arnc34
65,asml34
66,attb34
67,atvi34
68,aura33
69,avgo34
70,awii34
71,axpb34
72,azoi34
73,b1am34
74,b1ax34
75,b1bl34
76,b1bt34
77,b1cs34
78,b1dx34
79,b1fc34
80,b1gn34
81,b1il34
82,b1kr34
83,b1ll34
84,b1mr34
85,b1nt34
86,b1pp34
87,b1rf34
88,b1sa34
89,b1sx34
90,b1ti34
91,b1wa34
92,baba34
93,bbyy34
94,bcsa34
95,berk34
96,bhpg34
97,bidu34
98,biib34
99,bilb34
100,bivb39
101,bkng34
102,blak34
103,bmyb34
104,boac34
105,boei34
106,bony34
107,boxp34
108,c1ab34
109,c1ag34
110,c1ah34
111,c1bl34
112,c1bo34
113,c1br34
114,c1bs34
115,c1ci34
116,c1cl34
117,c1dn34
118,c1dw34
119,c1eo34
120,c1er34
121,c1fg34
122,c1fi34
123,c1gp34
124,c1hi34
125,c1hk34
126,c1hl34
127,c1hr34
128,c1ht34
129,c1ic34
130,c1ma34
131,c1mg34
132,c1mi34
133,c1ms34
134,c1nc34
135,c1np34
136,c1ns34
137,c1og34
138,c1oo34
139,c1ou34
140,c1pb34
141,c1pr34
142,c1rr34
143,c1su34
144,c1ta34
145,c1tv34
146,c1tx34
147,c1xo34
148,caji34
149,caon34
150,caph34
151,catp34
152,chcm34
153,chdc34
154,chme34
155,chvx34
156,cinf34
157,clxc34
158,cmcs34
159,cnic34
160,coca34
161,colg34
162,coph34
163,coty34
164,cowc34
165,cprl34
166,crda34
167,crhp34
168,crin34
169,crip34
170,csco34
171,csxc34
172,ctgp34
173,ctsh34
174,cvsh34
175,d1dg34
176,d1el34
177,d1ex34
178,d1fs34
179,d1hi34
180,d1is34
181,d1lr34
182,d1oc34
183,d1om34
184,d1ov34
185,d1ow34
186,d1re34
187,d1ri34
188,d1te34
189,d1vn34
190,d1xc34
191,dbag34
192,dcvy34
193,dcvy35
194,ddnb34
195,deai34
196,deec34
197,deop34
198,dgco34
199,dher34
200,disb34
201,dltr34
202,dukb34
203,dvai34
204,e1cl34
205,e1co34
206,e1di34
207,e1du34
208,e1fx34
209,e1ix34
210,e1mn34
211,e1mr34
212,e1ni34
213,e1og34
214,e1qn34
215,e1qr34
216,e1ri34
217,e1se34
218,e1ss34
219,e1tn34
220,e1tr34
221,e1ve34
222,e1vr34
223,e1wl34
224,e1xc34monde
225,e1xp34
226,e1xr34
227,eain34
228,ebay34
229,elci34
230,eqix34
231,exgr34
232,exxo34
233,f1an34
234,f1bh34
235,f1ec34
236,f1fi34
237,f1is34
238,f1li34
239,f1ls34
240,f1mc34
241,f1ni34
242,f1ra34
243,f1rc34
244,f1ri34
245,f1sl34
246,f1tn34
247,f1tv34
248,fasl34
249,fcxo34
250,fdmo34
251,fdxb34
252,fftd34
253,fltc34
254,fmsc34
255,fmxb34
256,foxc34
257,fslr34
258,g1ar34
259,g1ds34
260,g1fi34
261,g1ll34
262,g1lp34
263,g1lw34
264,g1mi34
265,g1pc34
266,g1pi34
267,g1rm34
268,g1sk34
269,g1ww34
270,gdbr34
271,geoo34
272,gild34
273,gmco34
274,gogl34
275,gogl35
276,gprk34
277,gpro34
278,gpsi34
279,gsgi34
280,h1as34
281,h1ba34
282,h1bi34
283,h1ca34
284,h1db34
285,h1ei34
286,h1es34
287,h1fc34
288,h1ig34
289,h1ii34
290,h1lt34
291,h1og34
292,h1ol34
293,h1pe34
294,h1rb34
295,h1rl34
296,h1sb34
297,h1si34
298,h1st34
299,h1th34
300,h1um34
301,h1zn34
302,hali34
303,home34
304,honb34
305,hond34
306,hpqb34
307,hshy34
308,i1ac34
309,i1bn34
310,i1ce34
311,i1dx34
312,i1ex34
313,i1ff34
314,i1fo34
315,i1hg34
316,i1lm34
317,i1nc34
318,i1nf34
319,i1pc34
320,i1pg34
321,i1ph34
322,i1qv34
323,i1qy34
324,i1rm34
325,i1rp34
326,i1sr34
327,i1tw34
328,i1vz34
329,i1xc34
330,ibmb34
331,inbr31
332,inbr32
333,ingg3
334,intu34
335,isbc34
336,itlc34
337,j1bh34
338,j1ci34
339,j1ef34
340,j1eg34
341,j1kh34
342,j1np34
343,j1wn34
344,jdco34
345,jnjb34
346,jpmc34
347,k1bf34
348,k1cs34
349,k1el34
350,k1ey34
351,k1im34
352,k1la34
353,k1mx34
354,k1rc34
355,k1sg34
356,k1ss34
357,k1tc34
358,khcb34
359,kmbb34
360,kmic34
361,kmpr34
362,l1bt34
363,l1bt35
364,l1ca34
365,l1do34
366,l1eg34
367,l1en34
368,l1fc34
369,l1hx34
370,l1in34
371,l1kq34
372,l1mn34
373,l1nc34
374,l1oe34
375,l1rc34
376,l1ul34
377,l1vs34
378,l1wh34
379,l1yb34
380,l1yg34
381,l1yv34
382,lbrd34
383,lbrn34
384,lily34
385,lmtb34
386,lowc34
387,lsxm34
388,lsxm35
389,m1aa34
390,m1as34
391,m1bt34
392,m1cb34
393,m1ch34
394,m1ck34
395,m1db34
396,m1gm34
397,m1hk34
398,m1kc34
399,m1kt34
400,m1lc34
401,m1lm34
402,m1mc34
403,m1ns34
404,m1pc34
405,m1rn34
406,m1ro34
407,m1sc34
408,m1si34
409,m1ta34
410,m1tb34
411,m1tc34
412,m1td34
413,m1tt34
414,m1uf34
415,m1xi34
416,macy34
417,mcdc34
418,mcor34
419,mdlz34
420,mdtc34
421,meli34
422,metb34
423,mklc34
424,mmmc34
425,mooo34
426,mosc34
427,mrck34
428,msbr34
429,mscd34
430,msft34
431,mutc34
432,n1bi34
433,n1cl34
434,n1da34
435,n1em34
436,n1gg34
437,n1ic34
438,n1is34
439,n1ls34
440,n1ov34
441,n1ow34
442,n1rg34
443,n1sc34
444,n1ta34
445,n1tr34
446,n1ue34
447,n1vo34
448,n1vr34
449,n1vs34
450,n1wg34
451,n1wl34
452,n1ws34
453,n1ws35
454,n1xp34
455,nete34
456,next34
457,nflx34
458,nike34
459,nmrh34
460,nocg34
461,noki34
462,nubr33
463,nvdc34
464,o1df34
465,o1ke34
466,o1kt34
467,o1mc34
468,o1ti34
469,orcl34
470,orly34
471,oxyp34
472,p1ac34
473,p1ay34
474,p1bc34
475,p1dd34
476,p1dt34
477,p1ea34
478,p1eg34
479,p1fg34
480,p1gr34
481,p1hc34
482,p1hm34
483,p1io34
484,p1kg34
485,p1ki34
486,p1kx34
487,p1ld34
488,p1nr34
489,p1nw34
490,p1pg34
491,p1pl34
492,p1rg34
493,p1sa34
494,p1sx34
495,p1uk34
496,p1vh34
497,p1yc34
498,pepb34
499,pfiz34
500,pgco34
501,phgn34
502,phmo34
503,pncs34
504,ptch34
505,pypl34
506,q1rv34
507,q1ua34
508,q1ue34
509,qcom34
510,r1cl34
511,r1dy34
512,r1eg34
513,r1el34
514,r1fc34
515,r1hi34
516,r1in34
517,r1jf34
518,r1ku34
519,r1lc34
520,r1md34
521,r1ok34
522,r1ol34
523,r1op34
524,r1sg34
525,r1ya34
526,rdsa34
527,rdsa35
528,regn34
529,rigg34
530,riot34
531,rost34
532,rytt34
533,s1ba34
534,s1bs34
535,s1ea34
536,s1ge34
537,s1hw34
538,s1iv34
539,s1jm34
540,s1km34
541,s1lg34
542,s1mf34
543,s1na34
544,s1nn34
545,s1np34
546,s1ou34
547,s1pl34
548,s1po34
549,s1re34
550,s1rp34
551,s1sl34
552,s1sn34
553,s1te34
554,s1tt34
555,s1tx34
556,s1wk34
557,s1yf34
558,s1yk34
559,s1ym34
560,s1yy34
561,sapp34
562,sbny34
563,sbub34
564,schw34
565,simn34
566,slbc34
567,slbg34
568,snec34
569,spgi34
570,srxm34
571,ssfo34
572,stmn34
573,stzb34
574,t1al34
575,t1am34
576,t1ch34
577,t1dg34
578,t1ec34
579,t1el34
580,t1ev34
581,t1fx34
582,t1lk34
583,t1mu34
584,t1ow34
585,t1ri34
586,t1ro34
587,t1sc34
588,t1so34
589,t1ss34
590,t1tw34
591,t1wl34
592,t1xt34
593,takp34
594,texa34
595,tgtb34
596,thgi34
597,tiff34
598,tjxc34
599,tlnc34
600,tmco34
601,tmos34
602,tpry34
603,trvc34
604,tsla34
605,tsmc34
606,tsnf34
607,twtr34
608,txsa34
609,u1ai34
610,u1al34
611,u1be34
612,u1dr34
613,u1hs34
614,u1lt34
615,u1nl34
616,u1nm34
617,u1ri34
618,ubsg34
619,ulev34
620,unhh34
621,upac34
622,upss34
623,usbc34
624,ussx34
625,v1ar34
626,v1ip34
627,v1mc34
628,v1no34
629,v1od34
630,v1rs34
631,v1ta34
632,verz34
633,vfco34
634,visa34
635,vloe34
636,vlyb34
637,vrsn34
638,vrtx34
639,w1ab34
640,w1bk34
641,w1bo34
642,w1da34
643,w1dc34
644,w1ec34
645,w1el34
646,w1hr34
647,w1ix34
648,w1lt34
649,w1mb34
650,w1mc34
651,w1mg34
652,w1pp34
653,w1rb34
654,w1rk34
655,w1so34
656,w1yc34
657,w1yn34
658,wabc34
659,walm34
660,watc34
661,wfco34
662,wgba34
663,wuni34
664,x1el34
665,x1ln34
666,x1yl34
667,xpbr31
668,xray34
669,xrxb34
670,yumr34
671,z1bh34
672,z1br34
673,z1io34
674,z1om34
675,z1to34
676,z1ts34
